property_id,property_name,property_type,address,neighborhood,postcode,location,price,size_sqft,bedrooms,bathrooms,floors,year_built,property_condition,balcony,garden,swimming_pool,garage,furnished,property_tags,developer_id,availability_status,listing_date,description
1,Lopez PLC Apartment,Condo,10348 Kevin Center,Newtown,2042,"Sydney, Newtown, 2042",1764108,1342,1,3,3,1975,Needs Repair,True,False,False,True,False,Investment,9,Available,2024-01-10,"Might we act rock. Customer commercial out early study by military.
Dinner pass traditional do meeting eat laugh. Face respond listen customer already."
2,"Coleman, Floyd and Hammond Condo",Condo,9976 Joseph Harbor,Newtown,2042,"Sydney, Newtown, 2042",3193006,2937,3,3,2,2021,Renovated,False,True,False,False,False,Luxury,7,Available,2024-07-07,"Area crime treatment nor any create. Likely human local again when return.
Woman market use news receive international."
3,Nunez-Simpson House,Condo,69129 Barajas Views Apt. 885,Surry Hills,2010,"Sydney, Surry Hills, 2010",4416257,2774,5,3,1,1913,Needs Repair,True,True,False,False,True,Affordable,3,Sold,2024-02-10,"Join head sell recent political. Special leader throw chance former.
Religious growth them force."
4,Smith-Rice Apartment,Villa,49565 Bruce Locks Apt. 413,Sydney CBD,2000,"Sydney, Sydney CBD, 2000",3305464,2708,2,4,1,1914,Needs Repair,True,False,True,False,False,Affordable,5,Under Contract,2024-07-15,Through down should future successful bill hour. High power pattern option before add probably. Section interest claim again bad. Whatever inside mother certainly opportunity bit.
5,Guerra LLC Condo,Apartment,5526 Pamela Lock Apt. 551,Chatswood,2067,"Sydney, Chatswood, 2067",774826,1857,3,1,1,1999,New,False,False,False,True,True,Investment,1,Under Contract,2024-07-31,Director maybe hit. Deep painting table next air expert. Account condition first director language pattern gun. Understand partner little another set draw.
6,Hardy-Le Apartment,Villa,93965 Amanda Circle,Manly,2095,"Sydney, Manly, 2095",593447,3938,1,1,3,1936,New,True,False,True,True,True,Affordable,10,Sold,2024-05-27,"Where might stock language continue exist. Family fall seem store. Specific simple hold tend.
All simple section. Explain week high project."
7,"James, Williams and Dalton Villa",Villa,30760 Gomez Pines,Newtown,2042,"Sydney, Newtown, 2042",2540426,2018,1,1,1,2003,Needs Repair,True,False,False,False,False,Investment,2,Under Contract,2024-01-12,"Second record entire door morning laugh opportunity. Together live soldier administration ahead environmental.
Occur magazine realize. Tonight relationship popular site value light Democrat."
8,"Gonzalez, Moyer and Reese Condo",Villa,41032 Bradley Walk,Parramatta,2150,"Sydney, Parramatta, 2150",2740863,579,2,2,1,1940,New,True,False,True,True,False,Luxury,9,Under Contract,2024-08-09,"Hit thank executive strong. Fund southern into cover until establish.
Score tax thought record stop attention billion hard. Audience movement base paper while."
9,"Higgins, Ortiz and Stephenson Villa",Condo,7905 Villarreal Street,Paddington,2021,"Sydney, Paddington, 2021",567770,3309,2,3,2,1967,Needs Repair,True,False,False,True,True,Luxury,7,Sold,2024-03-10,"Huge you range home trial family. Account apply card less talk then.
Letter fine city everyone rest yet. Friend identify exist me article police you."
10,"Horn, Daugherty and Johnson House",Apartment,2582 Bethany Lights Apt. 204,Chatswood,2067,"Sydney, Chatswood, 2067",3699384,1116,2,3,2,1919,Needs Repair,True,True,True,True,True,Investment,7,Under Contract,2024-08-10,"Best firm left. Word reality west me.
Board century her not back indicate build. Money page arrive provide girl full significant."
11,"Perez, Mclaughlin and Bryant Villa",Villa,827 Daniel Crossroad,Surry Hills,2010,"Sydney, Surry Hills, 2010",4864281,1225,3,2,3,1981,Needs Repair,False,True,False,False,False,Luxury,2,Available,2024-03-28,"Effort put pretty. Tree especially interview hope go network. Usually piece pass we share why.
Write discussion result certainly enter. Staff meeting minute physical. Foot state realize."
12,"Moore, Wilkins and Thomas Condo",House,0192 Kelsey Hollow,North Sydney,2060,"Sydney, North Sydney, 2060",1683068,3487,1,2,2,2017,Needs Repair,True,False,True,False,True,Investment,6,Under Contract,2024-03-29,Local until hour news either side power. Whatever politics interest campaign Mr material. Environment fight so figure admit special choose.
13,"Moran, Hull and Robinson House",Apartment,58971 Brady Fords Suite 341,Paddington,2021,"Sydney, Paddington, 2021",3390542,3812,4,3,3,1974,New,False,True,True,False,False,Affordable,7,Available,2024-06-11,"Arm practice receive leader house.
Conference character lot some any. Those voice president. Administration war citizen main."
14,Wong-Robinson House,Apartment,6836 Hernandez Heights Suite 714,Surry Hills,2010,"Sydney, Surry Hills, 2010",3745102,4540,1,1,3,1938,Renovated,False,False,False,True,True,Affordable,2,Sold,2024-08-04,"Month message gun trip. Anything value course TV professor likely lay. Early nothing more.
Economic figure improve approach. Him partner for surface."
15,Contreras Ltd Condo,Condo,9618 Perry Oval,Parramatta,2150,"Sydney, Parramatta, 2150",1699381,3052,5,2,1,1907,New,True,False,True,False,True,Luxury,2,Sold,2024-03-18,Across cultural keep scene fund fall again. Send soon collection sense plan analysis apply.
16,"Simmons, Clark and Hutchinson Apartment",Apartment,15111 Wood Mission,Sydney CBD,2000,"Sydney, Sydney CBD, 2000",2182553,1743,2,3,2,1986,Renovated,True,True,True,True,False,Affordable,8,Available,2024-02-12,Significant prepare sure girl. Car will ahead year add use. Watch onto full behind act provide performance note.
17,Mckee and Sons Condo,House,16295 Cox Ports Suite 439,Bondi Beach,2026,"Sydney, Bondi Beach, 2026",376384,2630,4,1,2,1948,Needs Repair,False,True,True,True,False,Affordable,5,Under Contract,2024-08-01,"Marriage senior film middle couple. Few become opportunity sit go ball.
Food above whether yourself. Lose somebody American. Sound its fly detail human nation."
18,Martin-Barnes House,Apartment,98902 Amanda Trail Apt. 451,Surry Hills,2010,"Sydney, Surry Hills, 2010",366002,4939,5,2,1,1967,New,True,True,False,False,False,Affordable,6,Sold,2024-01-15,Tree people maintain happen. Employee guess economy quality second. Join risk second system when be relationship.
19,Brown-Mcdonald Villa,Apartment,55723 Ferguson Lodge Suite 961,Paddington,2021,"Sydney, Paddington, 2021",3141125,1195,1,4,1,1947,Renovated,True,True,False,True,True,Affordable,6,Available,2024-04-30,"Less financial situation born drive seat. Interest reduce relate world east note person.
Budget movie maybe red official maybe.
Half have finish on."
20,"Salinas, Khan and Goodwin Apartment",House,6559 Gonzalez Meadow Apt. 394,Newtown,2042,"Sydney, Newtown, 2042",1377087,2901,3,1,1,1939,Needs Repair,False,False,True,False,True,Luxury,3,Under Contract,2024-05-13,Camera throw ever easy television similar so. Talk compare star detail say language who.
21,Lane LLC House,Apartment,14406 Brianna Plaza Apt. 352,Chatswood,2067,"Sydney, Chatswood, 2067",2488810,897,5,1,1,1952,Renovated,False,False,False,True,True,Luxury,9,Under Contract,2024-06-04,Sea case save group method loss. Mrs simple dark much usually building such.
22,Cohen-Dean Apartment,Condo,60218 Rebecca Underpass,Sydney CBD,2000,"Sydney, Sydney CBD, 2000",669156,1794,2,4,3,1950,Renovated,True,True,True,True,True,Luxury,7,Available,2024-04-12,"Interview cold away about win little during. Quite scene necessary throw. Because still join through.
Full sport half worker all result yes. Week region left skin follow interest decide."
23,Baker and Sons House,Villa,3856 Kara Estate Suite 230,Surry Hills,2010,"Sydney, Surry Hills, 2010",4058139,3133,3,3,3,1993,Needs Repair,False,True,True,False,False,Affordable,1,Sold,2024-05-27,Different place glass change. Tax material another side under main anyone pass.
24,Coleman Group Apartment,Condo,997 James Neck,Manly,2095,"Sydney, Manly, 2095",4088722,2994,2,4,1,1958,New,False,False,False,True,True,Luxury,9,Available,2024-04-11,"Person exist young watch western. Beautiful them heavy these apply show college. Many far name sort.
Close name situation standard modern. Still this sit skin. Build current whole institution those."
25,Morrow-Jones Apartment,House,6889 Hughes Mission Apt. 589,Bondi Beach,2026,"Sydney, Bondi Beach, 2026",938595,1424,4,1,3,1931,Renovated,True,False,True,True,True,Affordable,7,Sold,2024-04-14,"New agreement best. Learn five side fast recent image.
For it across floor race check age. Nor guess man similar blood make successful."
26,"Hall, Pitts and Lopez Villa",Apartment,9116 Greer Prairie Suite 855,North Sydney,2060,"Sydney, North Sydney, 2060",2615148,2834,2,4,3,1913,Needs Repair,False,True,True,True,False,Luxury,9,Under Contract,2024-07-12,"Author compare remember. List everything source fly.
Crime allow buy somebody cultural material lead. Way help hit day many.
Opportunity blood admit. Major attack ever board decision."
27,Gonzalez-White House,Apartment,36786 Sharon Station Apt. 910,Newtown,2042,"Sydney, Newtown, 2042",4879165,2732,1,4,1,1998,New,False,False,True,False,False,Affordable,9,Sold,2024-08-11,Who how final lead resource. Since speak clearly best newspaper place yeah. Operation page business keep together great.
28,Carpenter-Ellison Condo,House,487 Reyes Walks Suite 127,Parramatta,2150,"Sydney, Parramatta, 2150",3090845,4461,4,4,2,1983,Needs Repair,False,True,True,False,True,Affordable,2,Available,2024-02-15,"Air heavy well fear local people director.
Rich interesting with simple camera American your. Issue full relate three.
Person when sign action you. Box international think party operation."
29,"Miller, Cole and Salazar Apartment",Condo,2127 Perez Hill,Manly,2095,"Sydney, Manly, 2095",1962707,3606,2,4,2,1984,Needs Repair,True,True,False,False,False,Investment,10,Available,2024-08-19,Professional class dark personal. Enjoy half central agency write travel trip. Majority peace head bar.
30,Cooper-Watson Condo,Condo,4506 Johnson Neck,Chatswood,2067,"Sydney, Chatswood, 2067",3532598,2940,1,4,3,1910,Renovated,True,False,True,False,True,Affordable,2,Under Contract,2024-01-14,"Price role pass per authority. Beat wish decade act.
Commercial full current level through future. Security easy security scene."
31,"Harper, Townsend and Watson Apartment",Apartment,5006 Angela Forks,Paddington,2021,"Sydney, Paddington, 2021",3703776,3422,1,3,1,1941,Needs Repair,False,False,False,True,False,Investment,6,Under Contract,2024-07-05,"Relationship full move forward cold. Use member allow cause. Summer you full series.
For visit property red. Check response establish job majority interest film. Former realize explain."
32,Garcia PLC House,Apartment,403 Amanda Court,Darlinghurst,2010,"Sydney, Darlinghurst, 2010",3934147,3808,1,1,3,1912,Renovated,False,True,False,True,True,Affordable,9,Sold,2024-02-08,"Director card as action. Star tonight property minute. Here must arm TV cold free.
Nation gun leader project. Management foot shoulder professional. Election reduce increase animal add."
33,"Rivers, Salinas and Price Villa",Condo,38053 Phillips Courts Apt. 463,Surry Hills,2010,"Sydney, Surry Hills, 2010",1976946,3473,3,2,1,1934,Needs Repair,True,True,False,False,True,Investment,3,Under Contract,2024-06-07,"Woman six offer yeah although realize. Opportunity cell why.
To outside challenge their network issue. Teacher business together evidence pass. After himself perform stand reveal continue."
34,"Hurst, Curtis and Lopez Condo",Apartment,31534 Connie Prairie Apt. 146,Newtown,2042,"Sydney, Newtown, 2042",2998130,2307,2,1,1,1924,Renovated,True,False,True,False,True,Luxury,6,Sold,2024-05-25,Practice bill explain recognize car job religious close. Article continue thought however drive information important whole. Million positive hit listen put especially girl score.
35,Kerr-Russell House,Condo,5616 Mccullough Mall,Darlinghurst,2010,"Sydney, Darlinghurst, 2010",1398572,2431,3,1,3,1907,Needs Repair,True,False,False,True,True,Luxury,1,Available,2024-08-20,"Look kind short win training impact. Eat population camera especially assume modern military.
Feel least open contain. Better property author world whole. Company above lot change customer easy them."
36,Nash-Phillips House,House,909 Devin Knoll,Newtown,2042,"Sydney, Newtown, 2042",861886,1736,4,1,3,2006,New,True,False,True,False,True,Investment,5,Sold,2024-04-01,"West think cup wear behind around those sign. Ask character report receive father. Mouth card game nice state professor physical.
Yet church ground miss upon need."
37,Kaufman-Bishop Condo,Apartment,235 Julie Highway Suite 911,Bondi Beach,2026,"Sydney, Bondi Beach, 2026",2294405,3225,1,1,1,1984,Renovated,False,False,False,True,False,Investment,8,Sold,2024-02-16,Example central whom national past close against. President again agreement best sign. Wide wait product everything.
38,Newman Ltd House,Villa,407 Penny Plaza Apt. 325,Darlinghurst,2010,"Sydney, Darlinghurst, 2010",2871880,3472,2,4,2,1985,Needs Repair,True,True,False,False,True,Investment,8,Under Contract,2024-03-17,"Have road back. Husband heart old participant I member their. Whom data inside contain just.
Score compare mother possible worry. Traditional book economy least city teach."
39,Deleon PLC Apartment,Villa,256 Ann Corners Suite 653,Paddington,2021,"Sydney, Paddington, 2021",373303,543,5,2,2,1971,Needs Repair,True,False,True,True,False,Investment,4,Sold,2024-01-19,"Bed number life threat final. Conference girl agree someone wide officer ten series. Sound drive good carry maybe.
Middle actually alone sister take. Edge should continue expect somebody magazine."
40,Moyer PLC Villa,Villa,6773 Abigail Oval,Darlinghurst,2010,"Sydney, Darlinghurst, 2010",832940,4274,3,4,2,1982,Renovated,True,True,True,False,True,Luxury,1,Sold,2024-03-10,"It common power a. Wrong half only tax great north. This style leave if community fact fast matter.
Seem control win media."
41,Combs-Skinner Condo,Villa,10928 Warren Valley Apt. 947,Sydney CBD,2000,"Sydney, Sydney CBD, 2000",1885464,1507,5,2,1,1952,Renovated,True,True,False,False,True,Affordable,8,Under Contract,2024-04-26,"Program career listen whose. Seven grow coach present nice activity. Reality according into kitchen.
Strategy once require remain. Guess factor say ago quite range after parent."
42,Walters-Parsons House,Villa,24272 Lopez Meadows,Chatswood,2067,"Sydney, Chatswood, 2067",4974370,3021,2,3,3,1921,New,False,True,False,False,True,Luxury,10,Sold,2024-01-11,"Water sing right play same style soldier. Recently debate identify.
Against treatment future piece shoulder shake serve middle. Stock ball reason pick drug fast town reason."
43,Rose-Simpson House,Apartment,98389 Ford Hills,Parramatta,2150,"Sydney, Parramatta, 2150",3625939,982,5,2,2,2018,New,False,False,True,True,True,Affordable,9,Available,2024-01-31,"And role add fight maintain write. Across stuff attack thought game change.
Machine seek different opportunity bed lose. Sport feel million position.
Record exist citizen degree term less always."
44,Castro-Dominguez House,Apartment,357 Hernandez Points Suite 792,Chatswood,2067,"Sydney, Chatswood, 2067",3498740,2832,2,1,2,1972,New,False,False,True,True,False,Investment,1,Available,2024-03-11,While series crime simple off cause where. Continue discussion cultural possible issue state perform fly. Street water throw land painting parent. Produce good husband.
45,Kelley and Sons Condo,House,8740 Powell Radial Suite 507,Sydney CBD,2000,"Sydney, Sydney CBD, 2000",702326,2925,3,2,1,1994,Renovated,True,True,False,True,False,Luxury,7,Under Contract,2024-03-14,"Course pass crime late describe six under. Develop too specific system say.
Lot rich top hair summer. Outside employee bit whether thank. Nature level fly add between per."
46,Johnson PLC Villa,House,09106 Jennifer Meadow,Darlinghurst,2010,"Sydney, Darlinghurst, 2010",3489836,1519,3,4,1,1985,Needs Repair,True,False,True,True,False,Affordable,7,Sold,2024-07-30,Practice image share least level rest. Little far hospital another it style now. Office agent wife agent central help discover various. Food energy ball current edge total dog.
47,"Patterson, Chavez and Rogers Apartment",House,9084 Brent Station,Sydney CBD,2000,"Sydney, Sydney CBD, 2000",3223413,2089,3,3,2,1908,Needs Repair,True,True,True,False,False,Luxury,7,Sold,2024-08-06,"Floor tree early difference sport PM. Remember any happen step central trade perhaps.
Wall itself particularly amount charge. Move add measure face build field to."
48,Franklin-Howard Villa,Condo,5544 Warner River,Manly,2095,"Sydney, Manly, 2095",1175996,3509,3,4,1,1930,Needs Repair,False,True,False,True,False,Investment,6,Available,2024-02-20,"Discussion production determine throughout allow across. Almost industry Democrat tough theory. City ok someone consider theory finally.
Five stay left commercial treat. Here suffer many seem cost."
49,Reed LLC Apartment,Condo,6494 Jackson Prairie Apt. 546,Paddington,2021,"Sydney, Paddington, 2021",1839560,4659,2,2,1,1969,Needs Repair,False,False,False,False,False,Affordable,7,Available,2024-06-27,Beat technology important under field. Near strong reflect outside article spring physical member. Century game first sense head himself.
50,Griffin-Martin Villa,Apartment,477 Jessica Pass,Manly,2095,"Sydney, Manly, 2095",1763215,4229,4,4,1,1991,Renovated,False,False,True,False,False,Investment,5,Under Contract,2024-04-30,Possible beautiful knowledge manage evidence interesting mention move.
51,"Sanchez, White and Terry Villa",Condo,786 George Glens Apt. 136,Chatswood,2067,"Sydney, Chatswood, 2067",2613789,4155,3,4,3,2004,Needs Repair,False,True,True,True,True,Investment,8,Under Contract,2024-02-03,Leg break real ask turn research actually. Determine everyone dark. Usually exist almost garden debate police. Turn hope foot program level.
52,Gross LLC Condo,Villa,334 Michael Mission,Surry Hills,2010,"Sydney, Surry Hills, 2010",2900925,3566,3,2,2,1916,New,True,False,True,False,True,Luxury,3,Available,2024-03-03,"Ball national president at. Share different modern ten.
Share deal even really. Police vote happen scientist southern daughter forward perhaps."
53,Hart PLC Villa,Villa,270 Travis Lodge Apt. 073,Parramatta,2150,"Sydney, Parramatta, 2150",866861,2071,5,2,3,1982,Renovated,True,True,True,True,True,Luxury,8,Sold,2024-06-14,Treatment sit manager. Face recognize cover attention great yeah check. Lead measure take against when reveal.
54,"Schmitt, Klein and Clarke Condo",Condo,15407 Mueller Gardens,Darlinghurst,2010,"Sydney, Darlinghurst, 2010",4824254,1001,4,2,1,1907,New,False,False,False,True,False,Affordable,3,Sold,2024-06-24,"Truth treatment open theory might customer building difference. Religious land conference center piece increase miss.
Glass true provide majority. Congress resource only rock son attorney."
55,Ayala PLC Condo,House,2712 Pamela Locks,Chatswood,2067,"Sydney, Chatswood, 2067",1602130,2856,5,4,1,1992,Renovated,True,False,True,False,True,Investment,3,Available,2024-06-12,Make hotel explain condition after another test. Use hard trouble much letter anyone. Teacher scientist medical second fast authority rule.
56,Lawson-Anderson Apartment,Condo,1650 Jose Orchard Apt. 164,Darlinghurst,2010,"Sydney, Darlinghurst, 2010",4022764,1415,2,2,2,1940,New,True,False,False,True,False,Investment,3,Available,2024-08-13,"Everything institution center reduce. Indeed main whom enough among today.
Stand nature great relationship. Wish happy carry. Development simply easy nation happy spend vote."
57,Perez-Johnson Villa,Villa,0137 Eric Freeway Apt. 018,Manly,2095,"Sydney, Manly, 2095",1960940,1622,3,3,1,2001,New,False,True,False,False,True,Luxury,1,Available,2024-02-16,"Idea yeah least. Movie simple interview control others. Hour represent else kid state image certainly.
Simple reach day. Ok nothing describe piece."
58,Reed LLC House,Condo,1402 Brian Villages,Sydney CBD,2000,"Sydney, Sydney CBD, 2000",1677317,3969,3,3,3,1985,New,True,True,False,True,True,Affordable,6,Under Contract,2024-08-05,"Throw book low field us sell. Study sister direction beat. Choose coach determine Mrs.
Standard trade that. Order message his what. Charge loss could goal whatever four."
59,"Williams, Martin and Alexander House",House,15695 Angela Station,Darlinghurst,2010,"Sydney, Darlinghurst, 2010",1710582,4314,2,3,3,1994,Needs Repair,True,True,False,True,False,Investment,7,Sold,2024-03-04,"Girl view simple purpose onto care. Inside assume property better just everyone.
Send collection fear necessary culture owner like. Happy big away TV. Leader size detail meeting event high."
60,Mason-Bell Apartment,Villa,255 Selena Inlet Suite 203,Chatswood,2067,"Sydney, Chatswood, 2067",2528854,4382,5,1,1,2016,Needs Repair,False,True,False,False,True,Affordable,1,Under Contract,2024-03-02,Participant ten first according week establish determine only. Commercial less play sport ability.
61,Knox-Gonzalez Villa,Villa,517 Reyes Valleys,Chatswood,2067,"Sydney, Chatswood, 2067",4977755,2803,1,3,2,1944,Needs Repair,False,True,False,True,False,Investment,7,Sold,2024-08-15,Education box much hair executive building. Turn safe fight poor significant.
62,Fisher Ltd Condo,Villa,520 Brittany Points,Sydney CBD,2000,"Sydney, Sydney CBD, 2000",1789284,1248,1,4,2,2017,New,False,True,True,False,True,Luxury,7,Sold,2024-04-06,Buy option so cut affect. Hundred majority meet mention. Foot agent direction field arrive responsibility whole.
63,Garcia-Gross House,House,962 Annette Crossing,Bondi Beach,2026,"Sydney, Bondi Beach, 2026",1750284,3820,4,4,2,1988,Renovated,False,True,True,True,False,Investment,7,Under Contract,2024-05-04,"Sing decision arrive possible small.
Find stage stuff various personal other. Try himself them middle sell also. Long girl matter reveal throw old card."
64,Jackson-Moore House,Villa,541 Alex Highway,Newtown,2042,"Sydney, Newtown, 2042",4046710,4246,2,1,2,2007,Needs Repair,False,False,False,True,True,Luxury,5,Under Contract,2024-04-16,"Since seem order. Without why debate social. Seven leave act analysis way cost run.
Recognize catch difference discuss. Meet even collection discover. Manage woman action green community week almost."
65,"Smith, Olsen and Dominguez Villa",Condo,7140 Nicole Junction,Sydney CBD,2000,"Sydney, Sydney CBD, 2000",717376,1347,5,3,1,1909,New,False,False,True,False,False,Luxury,8,Sold,2024-04-02,"Turn yeah talk affect show newspaper happy. Technology food indicate green. End sell result foot subject point.
Second exactly quality collection view."
66,Sims Ltd Apartment,Villa,22583 Wagner Overpass Apt. 506,Parramatta,2150,"Sydney, Parramatta, 2150",2598422,2936,3,1,3,1971,Renovated,False,True,False,False,True,Luxury,6,Under Contract,2024-05-26,Particularly feeling quickly house reach course three. Soon available question rest. Sea exist teach edge discussion.
67,"Acosta, Owen and Herrera Apartment",Apartment,7050 Castillo Rapids,Bondi Beach,2026,"Sydney, Bondi Beach, 2026",918955,3430,5,4,3,1967,Needs Repair,True,False,False,False,False,Luxury,7,Available,2024-04-18,"Get fast child across radio treatment wait. Become hotel push try between.
Himself per you authority middle. He fall develop dream doctor."
68,Rice PLC Villa,Apartment,9336 Barron Parkway,Surry Hills,2010,"Sydney, Surry Hills, 2010",679544,3511,2,1,2,1991,New,True,False,False,True,True,Affordable,1,Under Contract,2024-07-11,Learn six material early such. Heart couple space say more age. Child approach police top we something.
69,Bender-Rogers House,Condo,9011 Moon Prairie,Chatswood,2067,"Sydney, Chatswood, 2067",2202519,3202,3,4,3,1962,Needs Repair,False,True,True,False,False,Luxury,5,Available,2024-05-20,Run ago worry identify particularly fall soon foreign. Make office anyone feel politics full.
70,"Jones, Kim and Jefferson House",Villa,12057 Huff Forges Suite 042,North Sydney,2060,"Sydney, North Sydney, 2060",2656864,2934,3,3,1,1994,Needs Repair,True,True,False,False,True,Investment,1,Sold,2024-05-21,Weight source star kitchen boy and. They investment culture win laugh. Front cell foot authority begin fall her actually.
71,"Lynch, Lee and Miller Apartment",Apartment,7910 Hogan Orchard,Bondi Beach,2026,"Sydney, Bondi Beach, 2026",3579030,1854,5,3,3,1998,Needs Repair,True,False,False,False,False,Luxury,7,Available,2024-02-17,Bed free able region important design. Behind rock ground over boy position change.
72,Lee-Barber Villa,Villa,3404 Mcdonald Drive,Paddington,2021,"Sydney, Paddington, 2021",2410856,3189,3,3,3,1970,Needs Repair,False,True,False,True,True,Investment,5,Sold,2024-07-17,"Similar imagine firm your certain. While peace morning standard.
He writer him character thank become trip any. Force owner stand continue enter daughter.
What game north. People you tough could."
73,Willis-Alvarez Villa,Villa,0128 Mark Ville,Paddington,2021,"Sydney, Paddington, 2021",333803,3561,5,4,1,1938,Renovated,False,False,False,True,True,Luxury,2,Sold,2024-02-20,"Blue some various former goal. Number program front figure him admit beautiful she. Decision eat interesting stop.
Successful strategy here nearly power step. Morning popular doctor thank."
74,Newton-Parker Apartment,Villa,5567 Davenport Estate Suite 392,Manly,2095,"Sydney, Manly, 2095",449510,789,5,3,1,1930,New,True,False,False,True,True,Luxury,9,Under Contract,2024-03-15,"Direction check evidence. Near necessary late consumer garden choice model example.
Because security hand. Painting magazine between explain if scientist court. Believe heart step six type."
75,Patel and Sons House,Condo,13178 Karina Throughway Apt. 346,North Sydney,2060,"Sydney, North Sydney, 2060",4156775,4303,4,3,1,1914,New,True,True,False,True,False,Luxury,6,Sold,2024-01-11,"Reality individual model. Spend first control until.
Thing college red wind. Voice something about term help yeah say. Color score debate education clear receive record."
76,Hernandez-Conway Apartment,Villa,9989 Amanda Dale Apt. 365,Parramatta,2150,"Sydney, Parramatta, 2150",1693003,3208,3,2,1,1956,New,False,True,False,False,False,Luxury,6,Available,2024-04-12,"Grow yeah establish quickly. Particular both practice former easy personal citizen.
Floor want suffer color her. Region shake how newspaper. Shake matter practice office claim both."
77,Jackson Ltd Villa,House,359 English Tunnel,Bondi Beach,2026,"Sydney, Bondi Beach, 2026",3279237,2245,1,1,1,1946,Needs Repair,True,False,False,True,False,Investment,8,Sold,2024-04-22,"Old theory notice bit a increase my. Center event likely. Foreign great message smile performance.
Goal behavior themselves sister. Including service policy every."
78,"Alvarez, Brown and Peck Apartment",Condo,06529 Charles Walks,Chatswood,2067,"Sydney, Chatswood, 2067",2025338,4664,5,4,1,1957,Needs Repair,True,False,False,True,True,Investment,2,Available,2024-06-23,"Candidate although road compare citizen. Lead draw five idea agency very less.
Social car successful. Ok page information wait person election share town."
79,Brown-Lawrence Condo,House,1282 Robert Orchard,Sydney CBD,2000,"Sydney, Sydney CBD, 2000",4224214,1676,2,1,2,2021,Needs Repair,False,True,False,False,True,Luxury,1,Under Contract,2024-06-28,Perform expert blood particular them help thing. Agent action magazine structure several herself.
80,"Hodges, Thornton and Rhodes House",Condo,89587 Dustin Isle Suite 647,Sydney CBD,2000,"Sydney, Sydney CBD, 2000",3711541,1539,1,1,2,1951,Needs Repair,True,False,False,True,True,Luxury,6,Sold,2024-01-30,War star put thus item. Production what large detail hospital around drive. Create surface under remember home around. Piece team nearly edge through.
81,"Flores, Escobar and Lee Apartment",Villa,9058 Pham Corners Apt. 207,Chatswood,2067,"Sydney, Chatswood, 2067",2708489,2695,5,4,1,1918,New,False,False,False,True,True,Affordable,5,Available,2024-07-14,"Major outside most simply position. Whole picture behavior idea. Go billion last represent.
Analysis think gas beyond blue onto. Simple door range bad."
82,"Drake, Mitchell and Atkins Villa",House,497 Bianca Corner,Darlinghurst,2010,"Sydney, Darlinghurst, 2010",2800856,1494,3,1,3,1992,Renovated,True,False,True,True,False,Investment,3,Under Contract,2024-06-07,Step like explain population. Drive fine three professional song lose. Local outside between record Mrs charge.
83,"Walter, Burke and Krueger House",Apartment,17829 Warren Valley Suite 189,Darlinghurst,2010,"Sydney, Darlinghurst, 2010",3662906,2316,3,4,3,1923,Renovated,False,True,False,True,False,Affordable,9,Under Contract,2024-05-03,"There art unit high air and. Hospital war voice either why physical treatment east.
Fear stay heart according various manage those. Require growth understand the speak."
84,"Clarke, Mills and Wilson Villa",Condo,09787 Cooper Island,Parramatta,2150,"Sydney, Parramatta, 2150",2234498,4366,4,2,3,1995,Needs Repair,False,True,False,True,True,Investment,10,Sold,2024-06-21,"Describe find read better. Woman dark bill figure.
Past style collection drive perform girl soon. Control study admit page prevent will. Different century today herself high."
85,"Barnes, Owens and Lang Condo",House,288 Christopher Ford,Bondi Beach,2026,"Sydney, Bondi Beach, 2026",1586786,997,1,1,3,1950,Needs Repair,True,False,True,False,False,Investment,3,Available,2024-08-02,Listen own room leader four think data every. Use seat mean job. Executive over great three painting ok. Particular turn staff investment.
86,Evans-Turner Condo,House,153 Andrew Road,Bondi Beach,2026,"Sydney, Bondi Beach, 2026",3191957,2738,4,4,2,1955,Renovated,False,False,True,False,True,Luxury,3,Available,2024-02-04,Me tend ahead position as star again. Away probably glass may amount program market. Past born place other significant last decision.
87,"Coleman, Bentley and Nicholson Villa",Condo,8990 Smith Mews,Bondi Beach,2026,"Sydney, Bondi Beach, 2026",2827104,1033,2,3,3,2002,Needs Repair,False,True,False,False,False,Investment,9,Under Contract,2024-07-18,Step particular rather. Hotel standard discussion drop little fine as room. Republican add beautiful eye strategy natural above.
88,Mcneil LLC House,House,4005 Heather Bypass Suite 914,North Sydney,2060,"Sydney, North Sydney, 2060",1960627,3052,4,3,1,1905,Renovated,True,True,False,False,False,Investment,4,Under Contract,2024-04-04,"Parent outside whole price reveal.
Work appear age soldier serious account. Heavy quality budget. Opportunity moment listen soon field worker half."
89,Baker and Sons House,Villa,3031 Debbie Junction,Manly,2095,"Sydney, Manly, 2095",850863,4773,5,3,3,2002,Needs Repair,True,False,True,True,False,Investment,4,Sold,2024-01-08,"Dark music the alone. Talk above north to improve place threat since.
Partner pressure once up. Hospital direction notice give knowledge. Detail billion create although bit enter."
90,Foley-Wheeler Apartment,Condo,83099 Jason Manor,Surry Hills,2010,"Sydney, Surry Hills, 2010",4931838,4899,3,2,2,2002,New,True,False,True,True,True,Luxury,2,Available,2024-01-03,Traditional whole series contain one. Almost article foot realize bring question issue. Up phone book animal production Congress. Will condition term himself.
91,Gutierrez-Silva Villa,Villa,8826 Castillo Skyway,Bondi Beach,2026,"Sydney, Bondi Beach, 2026",1252865,939,5,4,3,1910,Needs Repair,False,False,True,False,True,Luxury,2,Under Contract,2024-03-31,Should feeling kid source rise. Value treat claim paper parent return. School entire sign various argue.
92,"Johnson, Herring and Morris House",Villa,16724 Connie Trail,Manly,2095,"Sydney, Manly, 2095",2389805,1518,2,4,1,1902,New,False,False,False,False,False,Luxury,8,Available,2024-02-05,"Such growth country study media test. Probably issue century western before scene.
Trade prevent girl smile say. Lay nothing and realize when. Hundred miss tree nice television true religious leave."
93,"Norman, Martinez and Wolfe Apartment",Villa,252 Susan Mills Suite 209,Manly,2095,"Sydney, Manly, 2095",2442265,3042,3,4,3,1925,Needs Repair,True,True,False,True,True,Investment,6,Available,2024-03-17,"Foot through own hour federal network.
Yet close key decision sell plan. Eight grow everything important."
94,Holland-Lopez House,Apartment,638 Richard Roads,Sydney CBD,2000,"Sydney, Sydney CBD, 2000",1574443,3723,5,3,1,1995,Needs Repair,True,False,False,True,False,Luxury,1,Sold,2024-08-01,"Travel program truth catch. Cup ten old lose himself. Sell so here both once blue common.
Build science officer own tax woman. Effect third shoulder see laugh. Among science box."
95,Bridges Group Condo,House,884 Hernandez Freeway,Paddington,2021,"Sydney, Paddington, 2021",3977685,3410,2,2,3,1945,Needs Repair,True,True,False,True,False,Affordable,2,Under Contract,2024-02-24,"Play language go participant mean. Eat later discussion throughout board.
History worker service people bar. Window bit call event career beyond husband. Lead draw long throughout difficult."
96,Le-Gross Villa,House,11989 Janet Islands,Sydney CBD,2000,"Sydney, Sydney CBD, 2000",861260,742,3,1,1,1976,Needs Repair,False,False,True,True,True,Investment,5,Available,2024-04-10,"Everyone let black food.
Within statement tonight true expect. Half government hour none baby business computer. Should pay culture when finish game five."
97,Reeves-Miller Villa,Condo,260 Courtney Cape Apt. 298,North Sydney,2060,"Sydney, North Sydney, 2060",4566907,4589,4,4,1,1974,Needs Repair,False,False,True,False,True,Affordable,4,Sold,2024-02-07,"Institution film ever here action street. Early blood nor design plant response stock.
Measure compare high try. Good church media option. Pretty beat bar fund international energy."
98,Carter LLC Villa,Apartment,547 Erickson Track,Darlinghurst,2010,"Sydney, Darlinghurst, 2010",1570439,2170,4,4,1,1983,Renovated,True,True,False,True,False,Investment,2,Available,2024-06-06,"Light yard safe assume develop all. Middle beyond make there sell by. Require teacher between certainly stock doctor happy.
Drive well common security success consumer."
99,Wood Group House,Apartment,85908 Bryant Shoal Suite 059,Newtown,2042,"Sydney, Newtown, 2042",1375696,2264,4,1,2,1916,Needs Repair,True,True,False,True,False,Affordable,3,Sold,2024-07-28,"Short off each both last. Occur behind main fly plant civil.
Gun once two hear total relate three."
100,Daniel Group Villa,House,526 Moses Row Apt. 398,Parramatta,2150,"Sydney, Parramatta, 2150",2065959,3949,4,2,3,1982,New,False,True,True,False,False,Investment,1,Under Contract,2024-01-05,Rule people cause environment writer trouble. Really seven very several with. Really their bring federal.
