user_id,name,email,phone,age,gender,location,neighborhood,postcode,income_level,family_status
1,Mark White,gwilliams@example.com,722.304.7352x481,20,Male,"Sydney, Chatswood, 2067",Chatswood,2067,Medium,With Kids
2,Gregory Woodard,jamesstewart@example.net,(992)358-3215x5170,45,Female,"Sydney, Paddington, 2021",Paddington,2021,High,With Kids
3,Stephanie Wood,jthomas@example.com,(285)640-7191x3046,46,Male,"Sydney, Darlinghurst, 2010",Darlinghurst,2010,Medium,Single
4,Kristy Barnes,scott27@example.com,001-978-385-4013x71362,47,Male,"Sydney, Newtown, 2042",Newtown,2042,Low,With Kids
5,Tammy Smith,gparker@example.net,+1-971-895-5457x889,30,Male,"Sydney, Newtown, 2042",Newtown,2042,Medium,Single
6,Kevin Miller,fletcherkatherine@example.org,+1-600-804-6409x24696,52,Male,"Sydney, Surry Hills, 2010",Surry Hills,2010,Low,With Kids
7,Kimberly Huffman,angelamartin@example.net,419.269.7007,57,Female,"Sydney, Darlinghurst, 2010",Darlinghurst,2010,Low,Single
8,Jeffrey Gonzales,garciasandra@example.net,(351)242-0495,26,Female,"Sydney, Chatswood, 2067",Chatswood,2067,High,With Kids
9,Sarah Hawkins,fischermary@example.org,(906)712-8271x884,36,Male,"Sydney, Newtown, 2042",Newtown,2042,Medium,With Kids
10,John Bell,taylorrobert@example.org,(236)675-6531x605,58,Female,"Sydney, Sydney CBD, 2000",Sydney CBD,2000,Medium,Single
11,Kristen Perkins,michael09@example.com,852-270-2069,29,Male,"Sydney, Darlinghurst, 2010",Darlinghurst,2010,High,Married
12,Karla Nichols,qmeyer@example.com,213-777-2987,45,Male,"Sydney, Chatswood, 2067",Chatswood,2067,Low,With Kids
13,Maria Jacobs,jessicariggs@example.com,(210)508-8320x9223,56,Female,"Sydney, Parramatta, 2150",Parramatta,2150,Medium,With Kids
14,Mark Jackson,collinsjoshua@example.org,478-970-0508x824,23,Female,"Sydney, Parramatta, 2150",Parramatta,2150,High,With Kids
15,Heather Davis,roger31@example.net,001-748-587-7474x324,37,Female,"Sydney, Chatswood, 2067",Chatswood,2067,Medium,Married
16,Edward Zhang,prestonkennedy@example.net,917.770.4423x98299,55,Female,"Sydney, Bondi Beach, 2026",Bondi Beach,2026,High,Married
17,Alexandria Reynolds,georgediana@example.net,001-567-253-0619x134,46,Male,"Sydney, Surry Hills, 2010",Surry Hills,2010,Medium,With Kids
18,William Robertson,hweber@example.org,+1-597-550-2426x92603,21,Female,"Sydney, Parramatta, 2150",Parramatta,2150,Low,With Kids
19,Katrina Hutchinson,aesparza@example.org,746.378.7370x508,58,Male,"Sydney, Bondi Beach, 2026",Bondi Beach,2026,Medium,Single
20,Michelle Charles,bellgordon@example.com,815.546.1511,43,Male,"Sydney, Bondi Beach, 2026",Bondi Beach,2026,Medium,With Kids
21,Michael Bowers,jennifervalenzuela@example.net,001-617-905-7867x92963,48,Female,"Sydney, Parramatta, 2150",Parramatta,2150,Medium,Single
22,Alexa Thomas,william67@example.com,580-284-5423,56,Female,"Sydney, Chatswood, 2067",Chatswood,2067,Low,Married
23,John Gilmore,teresa79@example.org,(836)699-8626,41,Male,"Sydney, Surry Hills, 2010",Surry Hills,2010,High,Single
24,Henry Roberson,steveleblanc@example.com,362.655.9568,23,Male,"Sydney, Paddington, 2021",Paddington,2021,Low,Married
25,Alexis Morris,mollysanders@example.com,001-691-443-0655x00035,58,Male,"Sydney, Parramatta, 2150",Parramatta,2150,Low,With Kids
26,Allison Burke MD,travissanchez@example.com,2159151371,36,Male,"Sydney, Sydney CBD, 2000",Sydney CBD,2000,High,Single
27,Dillon Allison,carlos61@example.com,001-589-461-2162x034,50,Male,"Sydney, North Sydney, 2060",North Sydney,2060,Medium,Married
28,Emily Roberts,ffowler@example.net,+1-910-667-5497x38660,24,Male,"Sydney, Parramatta, 2150",Parramatta,2150,High,Single
29,Shannon Thompson,xcampos@example.com,485-731-9330,55,Female,"Sydney, Bondi Beach, 2026",Bondi Beach,2026,Low,Single
30,Stephen Pratt,monica03@example.org,413-715-6365,28,Male,"Sydney, North Sydney, 2060",North Sydney,2060,Medium,Married
31,Joyce Williams,thomasmason@example.com,647.598.0594x051,44,Male,"Sydney, Manly, 2095",Manly,2095,Low,Married
32,Eric Webb,alansilva@example.com,(305)413-3650x7405,49,Male,"Sydney, Sydney CBD, 2000",Sydney CBD,2000,High,With Kids
33,Elizabeth Rice,jack70@example.org,001-603-218-4595x5719,38,Female,"Sydney, Parramatta, 2150",Parramatta,2150,High,Married
34,Nicole Montgomery PhD,danielleking@example.net,646.702.8414x159,31,Male,"Sydney, Bondi Beach, 2026",Bondi Beach,2026,Medium,Single
35,Matthew Chapman,kathleen62@example.org,001-763-586-7464x9932,23,Female,"Sydney, North Sydney, 2060",North Sydney,2060,Low,With Kids
36,Diana Miller,kimberly77@example.com,8467656458,40,Female,"Sydney, Paddington, 2021",Paddington,2021,Low,Single
37,Gina Zuniga,stephanie95@example.com,+1-670-298-0162x309,53,Female,"Sydney, Bondi Beach, 2026",Bondi Beach,2026,Low,Married
38,Benjamin Jackson,goodkathleen@example.net,(906)939-5129,47,Male,"Sydney, Chatswood, 2067",Chatswood,2067,Medium,Single
39,Susan Cantrell,maxwell46@example.org,001-318-731-0884x275,33,Female,"Sydney, Darlinghurst, 2010",Darlinghurst,2010,Low,With Kids
40,Ashley Perkins,hunttanya@example.com,765.276.5697x361,32,Female,"Sydney, Paddington, 2021",Paddington,2021,Low,Married
41,Stephanie Love,johnmckee@example.org,001-415-420-8022x8359,43,Female,"Sydney, Surry Hills, 2010",Surry Hills,2010,High,Single
42,Marcus Shepherd,gregory17@example.org,534-219-3389x876,48,Male,"Sydney, Bondi Beach, 2026",Bondi Beach,2026,Medium,With Kids
43,Brenda Rollins,ortegacorey@example.com,513.789.6981x88217,25,Male,"Sydney, Paddington, 2021",Paddington,2021,High,With Kids
44,Robert York,victoria67@example.com,(683)699-4398x743,56,Male,"Sydney, Darlinghurst, 2010",Darlinghurst,2010,Low,Single
45,Michael Holloway,pmiller@example.com,688.508.4024,46,Female,"Sydney, Sydney CBD, 2000",Sydney CBD,2000,Low,Single
46,Austin Chung,amanda89@example.org,(354)672-4579x11151,27,Female,"Sydney, Chatswood, 2067",Chatswood,2067,High,With Kids
47,Mr. Bobby Sims,leonardmichael@example.org,734.854.7317x103,51,Female,"Sydney, Newtown, 2042",Newtown,2042,High,With Kids
48,Richard Kennedy,brandonjones@example.com,+1-906-300-0899x35744,51,Female,"Sydney, Newtown, 2042",Newtown,2042,Low,With Kids
49,Cory Bass,ricardogarcia@example.com,001-486-720-4986x16408,59,Male,"Sydney, Chatswood, 2067",Chatswood,2067,Medium,Single
50,Paul Miles,humphreyandrew@example.com,4609742789,20,Female,"Sydney, Sydney CBD, 2000",Sydney CBD,2000,Low,Married
51,Samuel Stevens,beththompson@example.net,201-737-7722x467,22,Male,"Sydney, North Sydney, 2060",North Sydney,2060,Medium,Married
52,Jessica Pruitt,humphreygregory@example.net,001-410-748-7375,49,Male,"Sydney, Manly, 2095",Manly,2095,Medium,Single
53,Wayne Cooper,daniel86@example.org,337.889.0277,43,Female,"Sydney, Darlinghurst, 2010",Darlinghurst,2010,Low,With Kids
54,Joshua Morton,keithschroeder@example.org,(497)345-1082x204,31,Female,"Sydney, Parramatta, 2150",Parramatta,2150,Low,With Kids
55,Tara Turner,yeseniaknox@example.org,558-434-5166x776,49,Male,"Sydney, Parramatta, 2150",Parramatta,2150,Low,Single
56,Nathan Wilson,garneredward@example.org,(276)589-4278x69767,32,Male,"Sydney, North Sydney, 2060",North Sydney,2060,Low,With Kids
57,Robert Hamilton,tmiller@example.org,221.236.4192x428,35,Male,"Sydney, Bondi Beach, 2026",Bondi Beach,2026,Medium,With Kids
58,John Lang,rsimpson@example.org,(997)338-1280x707,27,Male,"Sydney, Manly, 2095",Manly,2095,Medium,Single
59,Dave Booker,ricegregory@example.com,416-786-3280,57,Male,"Sydney, Darlinghurst, 2010",Darlinghurst,2010,Low,With Kids
60,Rebecca Carter,laurawright@example.net,760-420-4724x4833,50,Male,"Sydney, Sydney CBD, 2000",Sydney CBD,2000,Low,Single
61,Katie Rodriguez,sarahjohnson@example.net,351.701.4837x815,27,Female,"Sydney, Sydney CBD, 2000",Sydney CBD,2000,Medium,With Kids
62,David Nelson,opowell@example.net,(741)669-0893,49,Female,"Sydney, Paddington, 2021",Paddington,2021,Medium,Single
63,Amanda Norman,walshcathy@example.com,+1-893-744-2411,48,Male,"Sydney, Chatswood, 2067",Chatswood,2067,Low,Single
64,Lisa Mayer,dchambers@example.org,+1-202-446-6124,36,Female,"Sydney, Paddington, 2021",Paddington,2021,Low,Single
65,Francis Zimmerman,mreed@example.net,(730)232-6219,36,Female,"Sydney, Surry Hills, 2010",Surry Hills,2010,High,With Kids
66,James Parsons,martineztammy@example.net,402.694.6370x7748,30,Male,"Sydney, Parramatta, 2150",Parramatta,2150,Medium,Single
67,Brian Myers,darren68@example.com,533.586.6867x21751,49,Male,"Sydney, Surry Hills, 2010",Surry Hills,2010,High,With Kids
68,Sara Reeves,christopher84@example.org,9812399213,27,Male,"Sydney, Bondi Beach, 2026",Bondi Beach,2026,High,Single
69,Jaime Estrada,oroth@example.net,+1-825-313-2899x7739,30,Male,"Sydney, Paddington, 2021",Paddington,2021,Medium,Single
70,Lawrence Sanchez,mkoch@example.org,205-670-3451x698,59,Male,"Sydney, Darlinghurst, 2010",Darlinghurst,2010,Low,Married
71,Sandra Stewart,harrellnicholas@example.net,001-347-707-0727x531,38,Female,"Sydney, Manly, 2095",Manly,2095,Medium,Single
72,Bryan Hubbard,shafferderek@example.com,+1-717-477-3382,43,Female,"Sydney, Parramatta, 2150",Parramatta,2150,Low,With Kids
73,Aaron Wilkins,tinareese@example.net,(921)922-7547,44,Female,"Sydney, Sydney CBD, 2000",Sydney CBD,2000,Medium,Married
74,Stephen Carey,churchmichelle@example.org,666-216-0040,29,Female,"Sydney, Chatswood, 2067",Chatswood,2067,Medium,Single
75,Tonya Robinson,lhughes@example.net,(809)971-7081,58,Male,"Sydney, Bondi Beach, 2026",Bondi Beach,2026,High,Single
76,Anna Hayes,anna91@example.com,001-638-742-3849x2638,56,Male,"Sydney, Sydney CBD, 2000",Sydney CBD,2000,High,Married
77,John Mcclure,dsimmons@example.com,524.413.6599,46,Female,"Sydney, Manly, 2095",Manly,2095,High,Single
78,David Collins,njones@example.org,+1-700-316-3683x39419,35,Female,"Sydney, Chatswood, 2067",Chatswood,2067,Medium,Single
79,Erik Brown,larrythompson@example.org,319-659-6836,49,Male,"Sydney, Parramatta, 2150",Parramatta,2150,High,With Kids
80,Brandon Walter,lorraine21@example.com,389-525-7362,21,Male,"Sydney, Manly, 2095",Manly,2095,Medium,With Kids
81,Daniel Mcdonald,brian91@example.net,9908756411,22,Male,"Sydney, Newtown, 2042",Newtown,2042,Low,Single
82,Laura Mcdaniel,julia69@example.net,+1-840-492-3067x45687,49,Female,"Sydney, Newtown, 2042",Newtown,2042,High,Married
83,Todd Park,janet75@example.org,846-682-4943x3104,54,Male,"Sydney, Parramatta, 2150",Parramatta,2150,Medium,With Kids
84,Angela Rodriguez,alexa69@example.com,230-646-0758,39,Female,"Sydney, Manly, 2095",Manly,2095,Medium,With Kids
85,Joseph Burgess,steven43@example.com,672.602.6882x783,55,Male,"Sydney, Paddington, 2021",Paddington,2021,Low,With Kids
86,Angel Heath,amberyu@example.com,+1-545-977-3956x292,45,Female,"Sydney, Surry Hills, 2010",Surry Hills,2010,High,With Kids
87,Jason Warren,theresatapia@example.net,651-520-9167,34,Male,"Sydney, Manly, 2095",Manly,2095,High,Married
88,Joseph Benton,cynthiarogers@example.com,001-623-557-3281x556,44,Female,"Sydney, North Sydney, 2060",North Sydney,2060,Low,With Kids
89,Alan Riley,holly60@example.org,(751)299-0073x7255,40,Female,"Sydney, Chatswood, 2067",Chatswood,2067,High,With Kids
90,Kerry Hernandez,greencharles@example.com,+1-769-728-7287x8712,51,Female,"Sydney, Parramatta, 2150",Parramatta,2150,Medium,Married
91,Ashley Alexander,wilkersonangela@example.org,+1-214-893-1933x91883,37,Male,"Sydney, Darlinghurst, 2010",Darlinghurst,2010,High,Married
92,Christine Mann,mcbridebrandi@example.net,381.968.3231x633,52,Female,"Sydney, Chatswood, 2067",Chatswood,2067,Medium,Single
93,Tyler Thomas,rodriguezamy@example.net,001-879-647-0383x2308,20,Male,"Sydney, Newtown, 2042",Newtown,2042,Low,Single
94,Angela Cameron,franklinsheryl@example.net,001-517-433-5806x81043,36,Female,"Sydney, Paddington, 2021",Paddington,2021,Medium,Married
95,Melanie Chang,ghall@example.net,459.539.4038x908,59,Male,"Sydney, Chatswood, 2067",Chatswood,2067,Low,Married
96,Jessica Ruiz,nicole50@example.org,882-978-0956x7349,54,Female,"Sydney, Sydney CBD, 2000",Sydney CBD,2000,Low,Married
97,Ruth Jones,benderjeremy@example.com,870.237.1088x46957,44,Female,"Sydney, Chatswood, 2067",Chatswood,2067,High,Married
98,Ryan Morgan,christopher36@example.com,001-319-568-2175x23577,50,Female,"Sydney, Parramatta, 2150",Parramatta,2150,High,With Kids
99,Samantha Velazquez,robertgonzales@example.net,(993)374-2522,22,Male,"Sydney, Chatswood, 2067",Chatswood,2067,High,With Kids
100,Robert Ellis,elizabethharvey@example.org,526.368.9029x08373,58,Female,"Sydney, Darlinghurst, 2010",Darlinghurst,2010,Low,Single
101,Rodney Gutierrez,vincentrojas@example.com,001-294-566-9245x5358,39,Male,"Sydney, Newtown, 2042",Newtown,2042,High,Married
102,Cory Aguilar,mwalker@example.com,923.728.5465,33,Male,"Sydney, Paddington, 2021",Paddington,2021,Medium,With Kids
103,Sean Hanson,morganwheeler@example.net,001-551-756-6138x22092,33,Male,"Sydney, Darlinghurst, 2010",Darlinghurst,2010,High,Single
104,Louis Craig,shaffernicole@example.org,+1-268-976-4664x741,39,Male,"Sydney, Bondi Beach, 2026",Bondi Beach,2026,Low,With Kids
105,Ana Cummings,michael22@example.com,919-724-5432x0969,51,Male,"Sydney, Chatswood, 2067",Chatswood,2067,High,With Kids
106,Michelle Young,philipcharles@example.net,001-398-561-9800x0525,47,Male,"Sydney, Manly, 2095",Manly,2095,Medium,Single
107,Kelly Mosley,ndelacruz@example.org,001-826-498-0889,29,Female,"Sydney, Newtown, 2042",Newtown,2042,Low,With Kids
108,William Wells,chelsea51@example.org,239.936.5840,30,Male,"Sydney, Chatswood, 2067",Chatswood,2067,Medium,Married
109,Melissa Warren,moorejonathan@example.org,998.493.8054,21,Female,"Sydney, Chatswood, 2067",Chatswood,2067,High,Married
110,Mario Garcia,keith53@example.org,4122737542,43,Female,"Sydney, Bondi Beach, 2026",Bondi Beach,2026,High,Married
111,Robert Kelley,carterjennifer@example.com,(597)276-9695,42,Male,"Sydney, Surry Hills, 2010",Surry Hills,2010,Medium,With Kids
112,Alan Hamilton,jordanmichelle@example.com,(354)818-5659x65580,49,Female,"Sydney, Surry Hills, 2010",Surry Hills,2010,Medium,With Kids
113,Christy Mosley,izuniga@example.net,868.312.3887,47,Male,"Sydney, Parramatta, 2150",Parramatta,2150,Low,Single
114,Nicholas Turner,krobinson@example.org,001-904-257-2213x525,42,Male,"Sydney, Sydney CBD, 2000",Sydney CBD,2000,High,Single
115,Paula Dunn,ntran@example.com,(324)203-7253,26,Female,"Sydney, Chatswood, 2067",Chatswood,2067,Low,With Kids
116,Juan Parrish,karen25@example.net,619-638-7167,33,Male,"Sydney, Sydney CBD, 2000",Sydney CBD,2000,Low,Married
117,Deanna Martin,sullivancasey@example.net,578.250.4749,59,Female,"Sydney, Surry Hills, 2010",Surry Hills,2010,Low,Single
118,Sandra Scott,nancy81@example.org,7362437404,38,Male,"Sydney, Darlinghurst, 2010",Darlinghurst,2010,Medium,Married
119,Jason Cohen,jwright@example.com,001-227-560-7275x8279,22,Male,"Sydney, Sydney CBD, 2000",Sydney CBD,2000,Medium,Married
120,Julian Williamson,loriclark@example.com,574-634-9396x362,30,Male,"Sydney, Manly, 2095",Manly,2095,Medium,Married
121,Mark Anderson,joanlewis@example.com,672-730-1926,38,Female,"Sydney, Manly, 2095",Manly,2095,High,Single
122,Jonathon Koch,kylehernandez@example.org,+1-512-227-7636x53955,43,Female,"Sydney, Manly, 2095",Manly,2095,High,With Kids
123,Ashley Mcdonald,allisonrichards@example.com,+1-439-519-0265x1430,21,Female,"Sydney, Paddington, 2021",Paddington,2021,Low,Single
124,Justin Chavez,batesfernando@example.org,460-890-6900,51,Male,"Sydney, Bondi Beach, 2026",Bondi Beach,2026,Medium,Single
125,Alexander Wilson,emma24@example.com,277.229.3853,26,Male,"Sydney, Chatswood, 2067",Chatswood,2067,Medium,With Kids
126,Ronald Livingston,hughesrita@example.com,+1-994-709-5554,54,Male,"Sydney, Darlinghurst, 2010",Darlinghurst,2010,High,Single
127,Amber Blevins,swalter@example.org,(547)515-9100x7414,30,Female,"Sydney, Parramatta, 2150",Parramatta,2150,Low,With Kids
128,Ronald Smith,douglasjohnson@example.net,(511)472-8164,52,Female,"Sydney, Darlinghurst, 2010",Darlinghurst,2010,Low,Married
129,Michael Lee,fosternancy@example.com,300-867-5129x0812,44,Female,"Sydney, Darlinghurst, 2010",Darlinghurst,2010,Medium,Single
130,Shirley Chavez,wendyle@example.com,(858)610-3947,56,Male,"Sydney, Newtown, 2042",Newtown,2042,High,Married
131,Alexandra Brown,michaelmann@example.org,(585)777-8295x14463,21,Female,"Sydney, Paddington, 2021",Paddington,2021,Medium,Single
132,Megan Curtis,williamspaul@example.org,651.964.9199,38,Female,"Sydney, Bondi Beach, 2026",Bondi Beach,2026,Medium,Single
133,Rebecca Bush,alexandra84@example.org,(813)301-8608x71990,37,Male,"Sydney, Newtown, 2042",Newtown,2042,High,Married
134,Charles Brown,jacobsjoel@example.org,357-515-5285x531,35,Female,"Sydney, Sydney CBD, 2000",Sydney CBD,2000,Medium,Married
135,Kevin Calhoun,fordrebecca@example.net,+1-553-787-2980x721,21,Male,"Sydney, Darlinghurst, 2010",Darlinghurst,2010,Medium,Married
136,Laura Spencer,wesley53@example.com,757.576.4039x814,22,Male,"Sydney, Sydney CBD, 2000",Sydney CBD,2000,Medium,Single
137,Michael Nixon,deborahburns@example.org,001-245-655-1927,36,Male,"Sydney, North Sydney, 2060",North Sydney,2060,High,With Kids
138,Joe Perez,bryan79@example.org,001-377-887-0558,47,Female,"Sydney, Manly, 2095",Manly,2095,Low,With Kids
139,Samantha Day,ochoajohn@example.com,(390)597-3123x233,49,Male,"Sydney, Sydney CBD, 2000",Sydney CBD,2000,Low,With Kids
140,Michael Stafford,amcgee@example.net,001-929-512-2309x608,50,Male,"Sydney, North Sydney, 2060",North Sydney,2060,High,Single
141,Scott Bishop,egibson@example.net,+1-235-800-6309x61516,37,Female,"Sydney, North Sydney, 2060",North Sydney,2060,High,Single
142,Crystal Le,ykim@example.net,829-402-7307x48855,56,Female,"Sydney, Darlinghurst, 2010",Darlinghurst,2010,High,Single
143,Anna Juarez,otaylor@example.com,797.855.5621,60,Female,"Sydney, Newtown, 2042",Newtown,2042,Medium,Married
144,Rebecca Gomez,gcochran@example.com,001-305-621-7800x7806,60,Female,"Sydney, Newtown, 2042",Newtown,2042,Low,Single
145,Austin Parks,watkinscurtis@example.com,001-426-790-6238x9690,57,Female,"Sydney, Darlinghurst, 2010",Darlinghurst,2010,Medium,With Kids
146,Adriana Brewer,kristabowman@example.com,001-910-279-8234x20174,48,Male,"Sydney, Paddington, 2021",Paddington,2021,High,With Kids
147,Mary Smith,janetjenkins@example.net,453.611.5741,59,Female,"Sydney, Sydney CBD, 2000",Sydney CBD,2000,Medium,Single
148,Jennifer Allen,volsen@example.com,895-208-2996x5830,49,Male,"Sydney, Parramatta, 2150",Parramatta,2150,Medium,Married
149,Sonia Parrish,iturner@example.net,361.352.6572x0260,38,Female,"Sydney, Chatswood, 2067",Chatswood,2067,High,Married
150,Derrick Scott,vmiller@example.com,537-761-4732,43,Male,"Sydney, Sydney CBD, 2000",Sydney CBD,2000,High,Single
151,Kenneth Bennett,hcohen@example.org,571-773-1452x218,55,Female,"Sydney, North Sydney, 2060",North Sydney,2060,Low,Married
152,Ashley Parker,garrettsarah@example.org,+1-359-782-2470x54930,31,Male,"Sydney, Bondi Beach, 2026",Bondi Beach,2026,Low,Single
153,Seth Hall,careyrenee@example.net,6714887953,34,Male,"Sydney, Chatswood, 2067",Chatswood,2067,Low,With Kids
154,Hannah Higgins,blewis@example.net,714.665.5900,22,Female,"Sydney, Bondi Beach, 2026",Bondi Beach,2026,Medium,Married
155,Alexis Pierce,daniellebishop@example.org,+1-504-933-9919,31,Male,"Sydney, Parramatta, 2150",Parramatta,2150,High,With Kids
156,Laura Rivera,valeriecarter@example.com,5264456651,39,Male,"Sydney, Surry Hills, 2010",Surry Hills,2010,Low,Married
157,Kimberly Castro,nallen@example.net,(621)279-8218x568,45,Male,"Sydney, Sydney CBD, 2000",Sydney CBD,2000,High,Married
158,Michelle Clark,uhill@example.com,223.722.9433,27,Male,"Sydney, Sydney CBD, 2000",Sydney CBD,2000,High,With Kids
159,Steven Calhoun,robertorowe@example.com,001-421-513-1512x455,41,Male,"Sydney, Sydney CBD, 2000",Sydney CBD,2000,High,Married
160,Bryan Smith,tracy45@example.org,261.946.0539x8965,53,Male,"Sydney, Sydney CBD, 2000",Sydney CBD,2000,Medium,Single
161,Samantha Harris,tinawheeler@example.com,935-331-9937x1120,20,Male,"Sydney, Paddington, 2021",Paddington,2021,Low,Single
162,Shaun Johnson,hernandezstephanie@example.org,397-436-7321x3524,39,Male,"Sydney, Paddington, 2021",Paddington,2021,Medium,With Kids
163,Lori Torres,davidsonmisty@example.net,(549)492-4839x641,35,Female,"Sydney, Darlinghurst, 2010",Darlinghurst,2010,Low,Single
164,Shari Jacobson,davidanderson@example.net,948-269-7737x9208,32,Male,"Sydney, Surry Hills, 2010",Surry Hills,2010,Low,Single
165,Michelle Hernandez,rossrachel@example.org,(898)952-3503x33972,33,Female,"Sydney, Parramatta, 2150",Parramatta,2150,Medium,With Kids
166,Lisa Roth,poolerachel@example.org,(374)610-2625x29068,40,Male,"Sydney, Parramatta, 2150",Parramatta,2150,Low,Single
167,Shannon Grant,thomas63@example.com,(704)320-7203,57,Female,"Sydney, Parramatta, 2150",Parramatta,2150,Medium,Married
168,Heather Martinez,ufarmer@example.org,898.363.6454x679,36,Female,"Sydney, Chatswood, 2067",Chatswood,2067,Low,Married
169,Ronald Mosley,michaelhumphrey@example.org,878.773.8844x26043,31,Female,"Sydney, Manly, 2095",Manly,2095,Low,Single
170,Aaron Campbell,craigdana@example.net,(636)837-6615,40,Female,"Sydney, Parramatta, 2150",Parramatta,2150,Medium,With Kids
171,Matthew Phelps,jenniferalvarez@example.org,8448388949,28,Male,"Sydney, Parramatta, 2150",Parramatta,2150,High,Married
172,Dillon Chaney,victoria75@example.org,001-960-853-6004x532,27,Female,"Sydney, Paddington, 2021",Paddington,2021,Medium,Single
173,Matthew Hernandez,rhondabeasley@example.com,(793)994-3964x8932,31,Female,"Sydney, North Sydney, 2060",North Sydney,2060,High,With Kids
174,James Ford,jimmy51@example.com,642-247-3039x19612,48,Female,"Sydney, Chatswood, 2067",Chatswood,2067,Medium,Married
175,Kevin Rivera,buckpaige@example.com,805.752.6458,25,Female,"Sydney, Manly, 2095",Manly,2095,Medium,Married
176,Madison Smith,kenneth57@example.net,001-929-352-6872,24,Male,"Sydney, Paddington, 2021",Paddington,2021,Low,With Kids
177,Peter Yates,garyolsen@example.net,(758)337-7063x316,23,Female,"Sydney, Newtown, 2042",Newtown,2042,Low,Married
178,Christina Mills,danielleshah@example.net,267-503-2343,35,Male,"Sydney, North Sydney, 2060",North Sydney,2060,Medium,Single
179,Susan Norris,donaldroberts@example.org,001-283-793-4852x72323,25,Male,"Sydney, Bondi Beach, 2026",Bondi Beach,2026,High,Single
180,Dawn Jones,sara82@example.com,(723)939-2038x14307,50,Female,"Sydney, Surry Hills, 2010",Surry Hills,2010,Low,Married
181,Melissa Kirby,mcobb@example.com,483.720.5526x87151,49,Male,"Sydney, Surry Hills, 2010",Surry Hills,2010,Medium,With Kids
182,Patrick Calderon,traceybennett@example.net,731.691.2684x0454,49,Female,"Sydney, Newtown, 2042",Newtown,2042,Medium,With Kids
183,Travis Christian,thomas44@example.com,(569)817-9259x22967,30,Male,"Sydney, Darlinghurst, 2010",Darlinghurst,2010,High,Single
184,Christina Daniel,andersonjulia@example.com,3887835882,54,Female,"Sydney, Chatswood, 2067",Chatswood,2067,High,Married
185,Sheila Bowers,tonya55@example.net,001-318-652-6471x534,24,Female,"Sydney, Surry Hills, 2010",Surry Hills,2010,Medium,Married
186,Janice Washington,xharris@example.net,688-212-0363x3566,60,Female,"Sydney, Parramatta, 2150",Parramatta,2150,High,With Kids
187,Amanda Shepherd,velasquezjamie@example.org,928-492-2360x816,26,Male,"Sydney, Manly, 2095",Manly,2095,Medium,Married
188,Melissa Smith,garciamary@example.com,(269)730-3444x704,32,Female,"Sydney, Sydney CBD, 2000",Sydney CBD,2000,Low,Married
189,Stephanie Bush,larrydelgado@example.net,(368)771-1583x907,55,Male,"Sydney, Surry Hills, 2010",Surry Hills,2010,Low,Single
190,Nicole Roberts,gjohnson@example.net,785.508.6389x107,30,Female,"Sydney, Bondi Beach, 2026",Bondi Beach,2026,Low,With Kids
191,Kristin Edwards,alexiswilson@example.org,3104523783,38,Female,"Sydney, North Sydney, 2060",North Sydney,2060,Medium,With Kids
192,Bruce Carlson,susanbarker@example.net,(844)784-6795,56,Male,"Sydney, Paddington, 2021",Paddington,2021,Medium,With Kids
193,Joshua Lee,melissaelliott@example.com,4917982149,53,Female,"Sydney, Bondi Beach, 2026",Bondi Beach,2026,Medium,Single
194,Jeremy English,rrodgers@example.net,947-245-0940x48364,52,Female,"Sydney, Sydney CBD, 2000",Sydney CBD,2000,Low,Single
195,Laura Graham,scottalexandra@example.net,001-852-706-5900x959,46,Female,"Sydney, Manly, 2095",Manly,2095,High,With Kids
196,Carrie Woods,jjones@example.com,(258)345-4005,52,Male,"Sydney, Darlinghurst, 2010",Darlinghurst,2010,Low,Married
197,George Wells,joel10@example.org,+1-235-221-7319x0178,50,Female,"Sydney, Paddington, 2021",Paddington,2021,High,Married
198,Jill Washington,andersonkristina@example.org,+1-624-315-3255x375,46,Female,"Sydney, Parramatta, 2150",Parramatta,2150,Medium,With Kids
199,Robert Chapman,charlottewerner@example.com,713-632-4227x7572,20,Female,"Sydney, Manly, 2095",Manly,2095,Low,With Kids
200,Jermaine Evans,bryce25@example.org,508.457.5394x2187,30,Female,"Sydney, Darlinghurst, 2010",Darlinghurst,2010,Medium,Married
201,Jennifer George,nicholas21@example.org,9958098832,42,Female,"Sydney, Darlinghurst, 2010",Darlinghurst,2010,Low,Married
202,Cheryl Hood,gbenson@example.com,001-856-296-6502x9812,59,Female,"Sydney, Bondi Beach, 2026",Bondi Beach,2026,Low,Single
203,Marilyn Neal,bobby48@example.net,+1-715-530-8300,55,Male,"Sydney, Chatswood, 2067",Chatswood,2067,Medium,Single
204,Lisa Harvey,jennifer81@example.net,001-293-694-1861,38,Male,"Sydney, North Sydney, 2060",North Sydney,2060,Medium,Single
205,Dean Ballard,sarah91@example.net,(237)969-7777,48,Male,"Sydney, Manly, 2095",Manly,2095,Medium,With Kids
206,Richard Villegas,dakotahudson@example.net,776.638.6138x86252,32,Male,"Sydney, Newtown, 2042",Newtown,2042,High,Married
207,Maria Davis,carrilloeric@example.org,+1-335-733-8804x146,53,Male,"Sydney, Manly, 2095",Manly,2095,Medium,Married
208,Stephanie Blevins,matthew54@example.net,368-258-6844x1418,21,Male,"Sydney, Sydney CBD, 2000",Sydney CBD,2000,Medium,Single
209,Katherine Martinez,marialynch@example.org,202-536-7156x44085,24,Male,"Sydney, North Sydney, 2060",North Sydney,2060,Low,With Kids
210,Sarah Allison MD,pcooper@example.net,(453)256-8011x311,20,Female,"Sydney, Newtown, 2042",Newtown,2042,Medium,Married
211,Melanie Duncan,jeremygriffin@example.org,751.816.6565x04297,33,Male,"Sydney, Chatswood, 2067",Chatswood,2067,High,Married
212,Lori Elliott,swilkins@example.org,7319831039,60,Male,"Sydney, Paddington, 2021",Paddington,2021,Medium,Single
213,Jordan Bridges,burkerobert@example.com,(407)737-6836x440,37,Female,"Sydney, Darlinghurst, 2010",Darlinghurst,2010,High,Single
214,Samantha Lewis,iolsen@example.com,(936)497-3380,28,Male,"Sydney, Chatswood, 2067",Chatswood,2067,High,Single
215,Aaron Hamilton,adam85@example.org,001-419-442-0297,43,Male,"Sydney, Manly, 2095",Manly,2095,Low,With Kids
216,Nina Schneider,beasleywalter@example.org,(558)800-3178,37,Female,"Sydney, Paddington, 2021",Paddington,2021,High,With Kids
217,Sandra Butler,tiffanyhammond@example.com,+1-753-479-0532x0271,33,Female,"Sydney, Newtown, 2042",Newtown,2042,Medium,With Kids
218,Laura Christian,matanatalie@example.com,+1-859-680-6385x1220,41,Female,"Sydney, Darlinghurst, 2010",Darlinghurst,2010,Low,Married
219,Grant Smith,mluna@example.com,(929)808-2508x16651,60,Male,"Sydney, Bondi Beach, 2026",Bondi Beach,2026,Low,Single
220,Kristi Burns,danielsallison@example.com,4454763947,52,Female,"Sydney, Parramatta, 2150",Parramatta,2150,Medium,With Kids
221,Nathan Obrien,jacobjohnson@example.com,(659)268-5504,35,Female,"Sydney, North Sydney, 2060",North Sydney,2060,Medium,Single
222,Micheal Smith MD,kathrynadams@example.org,001-788-380-5291,27,Male,"Sydney, Bondi Beach, 2026",Bondi Beach,2026,Low,With Kids
223,Ronald Johnson,lindsaysalinas@example.com,802-924-1821x43473,50,Male,"Sydney, North Sydney, 2060",North Sydney,2060,Medium,Single
224,Anthony White,baustin@example.org,001-391-655-1545x6035,41,Female,"Sydney, Manly, 2095",Manly,2095,High,Single
225,Ryan Marshall,david80@example.org,775.837.3726,47,Male,"Sydney, Paddington, 2021",Paddington,2021,Low,With Kids
226,Alexis Leach,daltongonzales@example.org,916-641-4704,25,Male,"Sydney, Newtown, 2042",Newtown,2042,Low,Single
227,David Santos,debra35@example.org,(719)268-3400x3211,60,Male,"Sydney, Parramatta, 2150",Parramatta,2150,Medium,Single
228,Debra Daniels,woodmatthew@example.net,+1-306-629-8296x99376,39,Female,"Sydney, Newtown, 2042",Newtown,2042,High,Single
229,Thomas Adams,thomas57@example.com,001-697-360-2759x7541,47,Female,"Sydney, Chatswood, 2067",Chatswood,2067,High,Married
230,John Vargas,brianmoyer@example.net,001-272-607-5442x4139,50,Female,"Sydney, Sydney CBD, 2000",Sydney CBD,2000,Low,Single
231,Ethan Ingram,wrightkenneth@example.org,571.873.9696x2411,47,Male,"Sydney, Manly, 2095",Manly,2095,Medium,With Kids
232,Jason Hernandez,kyle65@example.org,001-616-575-6507,45,Male,"Sydney, Surry Hills, 2010",Surry Hills,2010,Low,Married
233,David Smith,ghernandez@example.net,001-456-753-5125x109,56,Male,"Sydney, Sydney CBD, 2000",Sydney CBD,2000,Medium,Married
234,Andrew Dougherty,ramirezelaine@example.net,286-470-8674x5340,21,Female,"Sydney, Parramatta, 2150",Parramatta,2150,High,Married
235,Carrie Evans,phill@example.org,+1-650-527-4671x7751,50,Female,"Sydney, Newtown, 2042",Newtown,2042,High,With Kids
236,David Smith,hallteresa@example.org,540-721-9357x61081,44,Male,"Sydney, North Sydney, 2060",North Sydney,2060,High,With Kids
237,Kyle Davis,handrews@example.com,(318)816-8085x10691,24,Female,"Sydney, Sydney CBD, 2000",Sydney CBD,2000,Medium,Married
238,Robert Evans,jacobduke@example.net,660.663.4948x291,52,Female,"Sydney, Parramatta, 2150",Parramatta,2150,Medium,With Kids
239,Katrina Chapman,karenvang@example.net,001-900-606-5037x64007,29,Male,"Sydney, Darlinghurst, 2010",Darlinghurst,2010,Medium,With Kids
240,Gerald Johnson,nancy66@example.org,001-997-335-2985x237,54,Male,"Sydney, North Sydney, 2060",North Sydney,2060,High,With Kids
241,Jason Sanders,hammondadrian@example.net,001-627-947-0892,24,Female,"Sydney, North Sydney, 2060",North Sydney,2060,High,Single
242,Monica Rose,john38@example.net,829.456.1113,52,Female,"Sydney, Bondi Beach, 2026",Bondi Beach,2026,Medium,Married
243,Jessica Hodges,melissamcmahon@example.net,732-627-1274x031,28,Female,"Sydney, Bondi Beach, 2026",Bondi Beach,2026,High,With Kids
244,Chelsea Macdonald,monicafitzpatrick@example.org,(829)646-7249x002,55,Male,"Sydney, Parramatta, 2150",Parramatta,2150,High,Single
245,Gary Crawford,ritapatterson@example.net,(363)378-3625,32,Female,"Sydney, Manly, 2095",Manly,2095,Medium,Married
246,Whitney Cole,allison38@example.org,636-282-4363x102,44,Female,"Sydney, Sydney CBD, 2000",Sydney CBD,2000,Medium,Single
247,Kristin Green,wallacelinda@example.org,001-902-304-2506,32,Female,"Sydney, Darlinghurst, 2010",Darlinghurst,2010,Low,With Kids
248,Alejandro Brown,zvargas@example.net,001-344-878-5578x44683,58,Male,"Sydney, Parramatta, 2150",Parramatta,2150,Low,Single
249,Kimberly Phillips,stephaniemoore@example.org,562.581.9973,26,Male,"Sydney, North Sydney, 2060",North Sydney,2060,High,With Kids
250,Tina Kline,stewartelizabeth@example.net,(918)566-5436,34,Female,"Sydney, Surry Hills, 2010",Surry Hills,2010,Low,Single
251,Nichole Diaz,eherrera@example.net,781-634-3125x951,26,Female,"Sydney, Paddington, 2021",Paddington,2021,Medium,Married
252,Alexis Jones,jmoore@example.com,417.874.8764x53577,32,Male,"Sydney, North Sydney, 2060",North Sydney,2060,Low,Single
253,Sophia Aguilar,travisstephanie@example.org,+1-407-848-0216,21,Female,"Sydney, Newtown, 2042",Newtown,2042,High,Married
254,Kelly Williams,jaredgreene@example.com,234.513.2351x52405,33,Male,"Sydney, Paddington, 2021",Paddington,2021,High,Married
255,Andre Nguyen,grace03@example.org,392.491.1802x130,21,Female,"Sydney, Chatswood, 2067",Chatswood,2067,Medium,Single
256,April Brooks,savannahbaldwin@example.net,641-875-4652x7149,21,Female,"Sydney, Surry Hills, 2010",Surry Hills,2010,Medium,Married
257,Austin Livingston,johnsonlauren@example.com,7283905846,26,Male,"Sydney, Paddington, 2021",Paddington,2021,Low,Married
258,Rhonda Williams MD,stacey79@example.org,253-791-4605x50964,57,Female,"Sydney, Parramatta, 2150",Parramatta,2150,Medium,With Kids
259,John Marquez,ncameron@example.com,001-777-522-4772x106,56,Male,"Sydney, Sydney CBD, 2000",Sydney CBD,2000,Medium,Single
260,Michael Zimmerman,zbyrd@example.net,+1-898-936-3813x0447,27,Female,"Sydney, Chatswood, 2067",Chatswood,2067,High,With Kids
261,Jennifer Lopez,yjackson@example.com,(583)747-5498x521,48,Female,"Sydney, Manly, 2095",Manly,2095,Medium,With Kids
262,Randall Floyd,ewalton@example.com,423.333.0004x8458,44,Male,"Sydney, Darlinghurst, 2010",Darlinghurst,2010,Low,Married
263,Sherry Colon,bradley43@example.com,229.342.3117x83068,57,Female,"Sydney, Sydney CBD, 2000",Sydney CBD,2000,Medium,Single
264,Samuel Whitehead,pharris@example.net,808.688.1402x48486,45,Female,"Sydney, Parramatta, 2150",Parramatta,2150,Medium,Married
265,Jonathan Combs,angela39@example.com,664-310-1254,47,Female,"Sydney, North Sydney, 2060",North Sydney,2060,Low,Married
266,Tiffany Lane,foxkendra@example.com,696-316-4212,26,Female,"Sydney, Sydney CBD, 2000",Sydney CBD,2000,High,Single
267,Hannah Ruiz,katie70@example.org,562.395.1212,22,Male,"Sydney, Parramatta, 2150",Parramatta,2150,Medium,With Kids
268,Nicholas Rojas,katherinesmith@example.net,318.601.9112,22,Female,"Sydney, Surry Hills, 2010",Surry Hills,2010,High,Married
269,April Green,kellychristensen@example.org,(870)347-2204,43,Female,"Sydney, Parramatta, 2150",Parramatta,2150,Medium,Married
270,Courtney Padilla,sarahsingh@example.com,545-964-4556x25950,23,Female,"Sydney, Parramatta, 2150",Parramatta,2150,High,Single
271,Angela Garcia,robert40@example.org,5555639394,32,Male,"Sydney, Darlinghurst, 2010",Darlinghurst,2010,Medium,Single
272,Betty Baxter,benjaminpoole@example.net,474.749.5033,50,Female,"Sydney, Bondi Beach, 2026",Bondi Beach,2026,Low,Single
273,David Smith,rosesimmons@example.net,001-520-733-5999x40297,40,Female,"Sydney, Paddington, 2021",Paddington,2021,High,Single
274,Andrew Ochoa,lauriemonroe@example.org,339-961-9356,39,Male,"Sydney, North Sydney, 2060",North Sydney,2060,Medium,Married
275,Danielle Robinson,ritaramirez@example.net,996.995.1099,27,Male,"Sydney, Chatswood, 2067",Chatswood,2067,High,Single
276,Alan Bernard,petersenchloe@example.net,479.871.0201x0258,26,Male,"Sydney, Parramatta, 2150",Parramatta,2150,Medium,Married
277,James English,dennis18@example.org,(617)788-7821x0506,22,Male,"Sydney, Surry Hills, 2010",Surry Hills,2010,High,Single
278,Ashley Boyd,david70@example.net,001-414-522-7233x51682,37,Male,"Sydney, Surry Hills, 2010",Surry Hills,2010,Medium,Single
279,Cynthia Medina,srodriguez@example.net,(723)684-6239,23,Female,"Sydney, Darlinghurst, 2010",Darlinghurst,2010,Medium,With Kids
280,Emily Bryant,gregorywelch@example.com,299-707-9740,45,Male,"Sydney, Chatswood, 2067",Chatswood,2067,High,With Kids
281,James Green,xdonaldson@example.org,525-683-7049,42,Male,"Sydney, Surry Hills, 2010",Surry Hills,2010,High,Married
282,Paul Edwards,qroth@example.org,(354)426-1379,24,Male,"Sydney, North Sydney, 2060",North Sydney,2060,Low,Married
283,Jason Miller,hunter67@example.org,001-369-262-0873x226,36,Male,"Sydney, Manly, 2095",Manly,2095,Medium,Married
284,Jeffrey Williams,oharris@example.org,(422)669-7849,42,Male,"Sydney, Darlinghurst, 2010",Darlinghurst,2010,High,With Kids
285,Bryan Wright,valerie88@example.org,389-892-7045,36,Female,"Sydney, Manly, 2095",Manly,2095,High,Married
286,Emily Nguyen,williamsjudy@example.net,+1-871-319-7078,32,Female,"Sydney, Sydney CBD, 2000",Sydney CBD,2000,High,Married
287,Martin Roberts,smithchristopher@example.org,643.741.3826,46,Female,"Sydney, Chatswood, 2067",Chatswood,2067,High,Married
288,Jamie Guerrero,friley@example.net,001-862-789-7461x09841,37,Male,"Sydney, Newtown, 2042",Newtown,2042,Medium,With Kids
289,Mark Anderson,regina11@example.org,915-913-3462x730,26,Female,"Sydney, Sydney CBD, 2000",Sydney CBD,2000,Low,Single
290,Cindy Austin,lgarcia@example.net,932-955-7436x173,51,Female,"Sydney, Darlinghurst, 2010",Darlinghurst,2010,Medium,With Kids
291,Colleen Sheppard,brookskeith@example.net,598.484.3581x1662,51,Female,"Sydney, Manly, 2095",Manly,2095,Medium,Married
292,Michael Wilcox,xhoffman@example.net,(480)232-5138,24,Male,"Sydney, Parramatta, 2150",Parramatta,2150,Medium,With Kids
293,Melissa Johnson,douglasstone@example.com,001-682-338-8243x49494,32,Male,"Sydney, Newtown, 2042",Newtown,2042,Medium,With Kids
294,Michael Wagner,qkemp@example.org,(699)444-1829,51,Male,"Sydney, Surry Hills, 2010",Surry Hills,2010,Medium,Single
295,Caleb Anderson,wallsheila@example.com,951.272.8510x02641,25,Female,"Sydney, North Sydney, 2060",North Sydney,2060,Medium,Single
296,Jennifer Flowers,jasminelittle@example.net,001-590-655-0828x6192,46,Male,"Sydney, Newtown, 2042",Newtown,2042,Medium,Single
297,Andrea Dixon,msnyder@example.com,001-899-207-5063x42913,53,Male,"Sydney, Chatswood, 2067",Chatswood,2067,Low,Single
298,Julie Duran,joanna52@example.net,9846825195,50,Female,"Sydney, Parramatta, 2150",Parramatta,2150,High,Married
299,Stacy Aguirre,susanhancock@example.com,827-860-0018x60621,35,Female,"Sydney, Sydney CBD, 2000",Sydney CBD,2000,High,With Kids
300,Donald Schmidt,brownscott@example.com,001-853-246-1659x82302,26,Male,"Sydney, Paddington, 2021",Paddington,2021,Low,Married
301,Jacob Snyder,bushtroy@example.org,+1-273-629-9928,47,Female,"Sydney, Surry Hills, 2010",Surry Hills,2010,Low,Single
302,Fernando Smith,zmcneil@example.com,(315)200-8214,25,Female,"Sydney, Paddington, 2021",Paddington,2021,High,Married
303,Jeffrey Knight,katherine07@example.net,566.836.4489x46116,30,Female,"Sydney, Chatswood, 2067",Chatswood,2067,Low,With Kids
304,James Cooper,vhughes@example.com,(204)747-5379x47587,42,Male,"Sydney, Bondi Beach, 2026",Bondi Beach,2026,Medium,Married
305,Melvin Gay,susandelacruz@example.com,(833)821-1540x5812,60,Male,"Sydney, Manly, 2095",Manly,2095,High,With Kids
306,Sonya Blankenship,shepherdamy@example.net,520-489-5260,58,Male,"Sydney, Bondi Beach, 2026",Bondi Beach,2026,Low,Single
307,Karen Mahoney,alexandra10@example.org,697-664-0115x188,44,Female,"Sydney, North Sydney, 2060",North Sydney,2060,High,With Kids
308,Julie Moore,lbyrd@example.net,645.404.0891x883,32,Female,"Sydney, North Sydney, 2060",North Sydney,2060,High,With Kids
309,Antonio Medina,yjohnson@example.net,(297)203-6139,48,Female,"Sydney, North Sydney, 2060",North Sydney,2060,Medium,Single
310,Jason Nguyen,monica63@example.org,001-624-817-4159x1934,50,Female,"Sydney, Darlinghurst, 2010",Darlinghurst,2010,Medium,With Kids
311,Scott White,jamesjeffrey@example.net,+1-653-557-6861x204,25,Female,"Sydney, Manly, 2095",Manly,2095,High,With Kids
312,Bryan Montgomery,anielsen@example.com,4435054026,30,Female,"Sydney, Paddington, 2021",Paddington,2021,High,With Kids
313,Barbara Lloyd,klozano@example.net,784-562-2964x87880,35,Female,"Sydney, Surry Hills, 2010",Surry Hills,2010,Low,Married
314,Rodney Fuller,bmiller@example.org,277.772.7639x1055,45,Male,"Sydney, Bondi Beach, 2026",Bondi Beach,2026,High,Married
315,Kaitlyn Morse,amyturner@example.org,+1-699-871-9653x88989,45,Female,"Sydney, Chatswood, 2067",Chatswood,2067,High,With Kids
316,Richard Callahan,timothymitchell@example.net,794.640.3870x725,57,Female,"Sydney, Sydney CBD, 2000",Sydney CBD,2000,High,With Kids
317,Abigail Thompson,lisa30@example.net,703-317-3667x41253,51,Female,"Sydney, Chatswood, 2067",Chatswood,2067,Low,Married
318,Stephen Scott,eballard@example.com,978-848-1160,23,Female,"Sydney, Manly, 2095",Manly,2095,High,Single
319,Donna Mitchell,robinjohnson@example.org,+1-312-532-8759x92747,26,Male,"Sydney, Paddington, 2021",Paddington,2021,High,Married
320,Elaine Mills,david53@example.com,9752242746,42,Female,"Sydney, Parramatta, 2150",Parramatta,2150,Medium,Married
321,Alexandra Garcia,qmoore@example.com,4817422023,25,Female,"Sydney, Paddington, 2021",Paddington,2021,Low,With Kids
322,Kelly Fischer,jamesheather@example.com,354.865.8130x9378,29,Female,"Sydney, Paddington, 2021",Paddington,2021,Low,Single
323,Jeremy Owens,olsonnicole@example.com,(802)996-0158x88404,45,Male,"Sydney, Newtown, 2042",Newtown,2042,Low,Single
324,Paul Rhodes,deborahlee@example.org,679.545.3331x429,37,Female,"Sydney, Darlinghurst, 2010",Darlinghurst,2010,Medium,Single
325,Amber Young,john66@example.net,433-256-7798,59,Female,"Sydney, Manly, 2095",Manly,2095,Low,Single
326,Oscar Hancock,cartersabrina@example.org,779-824-9739,51,Female,"Sydney, Newtown, 2042",Newtown,2042,Low,Married
327,Michael Wilson,andrearivera@example.net,001-978-204-5569x060,23,Male,"Sydney, Chatswood, 2067",Chatswood,2067,Medium,Single
328,Kimberly Martinez DDS,nyork@example.org,2258211450,48,Female,"Sydney, Sydney CBD, 2000",Sydney CBD,2000,High,Single
329,Samantha Jones,ryan94@example.net,+1-713-336-1396x8523,22,Female,"Sydney, Bondi Beach, 2026",Bondi Beach,2026,High,Married
330,Donald Lucero,jacksonpaul@example.net,7518300141,34,Male,"Sydney, Parramatta, 2150",Parramatta,2150,High,Single
331,Cole Cooper,robertsmichael@example.net,629-944-6986x7606,27,Female,"Sydney, North Sydney, 2060",North Sydney,2060,Medium,With Kids
332,Michael Lopez,johnbell@example.net,841.220.0922,49,Female,"Sydney, Darlinghurst, 2010",Darlinghurst,2010,High,Single
333,Justin Parker,leediane@example.com,783-833-6857,32,Female,"Sydney, Newtown, 2042",Newtown,2042,Medium,With Kids
334,Krista Hernandez,gary68@example.com,300-235-9875,33,Male,"Sydney, Darlinghurst, 2010",Darlinghurst,2010,Low,Married
335,Brian Harris,swilliams@example.com,(329)865-8361,40,Male,"Sydney, Parramatta, 2150",Parramatta,2150,High,With Kids
336,Thomas Lang,hernandezmichelle@example.com,+1-358-735-6999x86630,52,Female,"Sydney, Parramatta, 2150",Parramatta,2150,Medium,Single
337,Robert Shaw,donaldhumphrey@example.org,001-588-351-3032x00259,57,Female,"Sydney, Parramatta, 2150",Parramatta,2150,High,Single
338,Summer Castro,jjohnson@example.org,(611)958-5947x8097,45,Female,"Sydney, Newtown, 2042",Newtown,2042,Low,Married
339,Laura Kane,jacobchandler@example.com,496.844.9189x38137,35,Male,"Sydney, Surry Hills, 2010",Surry Hills,2010,High,Single
340,Justin Adkins,wendygarcia@example.org,001-282-403-3573x02758,29,Male,"Sydney, Paddington, 2021",Paddington,2021,Medium,Married
341,Kimberly Williams,mdecker@example.org,801.946.7264x80406,30,Female,"Sydney, Paddington, 2021",Paddington,2021,Low,Married
342,Tiffany West,usilva@example.net,001-366-220-7090x2570,22,Female,"Sydney, Chatswood, 2067",Chatswood,2067,Low,With Kids
343,Robert Thomas,amanda27@example.net,248.388.0248x39883,58,Male,"Sydney, Sydney CBD, 2000",Sydney CBD,2000,High,With Kids
344,Kathryn Torres,taylorteresa@example.net,001-791-675-9945,28,Female,"Sydney, Sydney CBD, 2000",Sydney CBD,2000,Low,Single
345,Ann Jones,dwebb@example.com,001-605-683-7104x33558,49,Male,"Sydney, Paddington, 2021",Paddington,2021,High,Single
346,Michael May,alison63@example.net,001-860-855-2727x08836,44,Male,"Sydney, Surry Hills, 2010",Surry Hills,2010,High,Single
347,George Carroll,orozcocandice@example.com,(210)341-5253,57,Female,"Sydney, Manly, 2095",Manly,2095,Medium,Single
348,William Mcguire,rachelcole@example.net,(321)291-8140x297,39,Male,"Sydney, Darlinghurst, 2010",Darlinghurst,2010,Low,Single
349,Amanda Chavez,margaretweaver@example.com,215-344-8948,49,Male,"Sydney, Newtown, 2042",Newtown,2042,Medium,With Kids
350,George Thompson,lisagrant@example.com,727-881-1931x6621,41,Male,"Sydney, Chatswood, 2067",Chatswood,2067,Low,Single
351,Molly Hunt,matthew72@example.net,001-386-580-8484x96452,48,Male,"Sydney, Chatswood, 2067",Chatswood,2067,Low,With Kids
352,Sara Flores,chambersjeremy@example.com,385-950-1569,29,Female,"Sydney, Bondi Beach, 2026",Bondi Beach,2026,Low,Married
353,Emma Johnson,jharris@example.com,751-436-5010x6506,27,Female,"Sydney, Darlinghurst, 2010",Darlinghurst,2010,High,Single
354,Tabitha Green,rowejocelyn@example.org,(966)370-8429x617,56,Male,"Sydney, Manly, 2095",Manly,2095,High,Single
355,Stephanie Chambers,collinsgerald@example.net,806-262-8863,59,Male,"Sydney, Sydney CBD, 2000",Sydney CBD,2000,Low,With Kids
356,Anthony Wilson,zsmith@example.net,956.665.7964,50,Female,"Sydney, Sydney CBD, 2000",Sydney CBD,2000,Low,Single
357,Tristan Humphrey,richard51@example.com,449-597-8620,27,Female,"Sydney, Manly, 2095",Manly,2095,Medium,Single
358,Thomas Barber,bushtracey@example.net,820-273-4639x6016,20,Male,"Sydney, Chatswood, 2067",Chatswood,2067,Medium,Single
359,Gary Pittman,grosstara@example.net,+1-711-642-5220x077,47,Female,"Sydney, Newtown, 2042",Newtown,2042,Low,With Kids
360,Adrienne Brown,ballardnicholas@example.com,690-304-1095x898,31,Female,"Sydney, Newtown, 2042",Newtown,2042,Medium,Married
361,Eric Ray,johnhill@example.org,391.252.2171,27,Female,"Sydney, Darlinghurst, 2010",Darlinghurst,2010,High,Married
362,John Tucker,wilsonwilliam@example.com,6395579189,45,Female,"Sydney, North Sydney, 2060",North Sydney,2060,Medium,Married
363,Sarah Smith,stephen94@example.com,867-603-1573x410,44,Female,"Sydney, Parramatta, 2150",Parramatta,2150,Medium,Single
364,Thomas Cole,andersonadam@example.org,001-576-356-0295,41,Male,"Sydney, Bondi Beach, 2026",Bondi Beach,2026,Medium,Single
365,Patricia Cox,timothypollard@example.net,443-284-6582x34280,56,Male,"Sydney, Bondi Beach, 2026",Bondi Beach,2026,High,Single
366,Elizabeth Merritt,qhawkins@example.org,9712208531,45,Male,"Sydney, Bondi Beach, 2026",Bondi Beach,2026,Medium,With Kids
367,Henry Murphy,rachel77@example.com,366.411.3578x360,34,Male,"Sydney, Sydney CBD, 2000",Sydney CBD,2000,High,Married
368,Jennifer Freeman,jesse11@example.net,001-884-693-3318x143,59,Female,"Sydney, Bondi Beach, 2026",Bondi Beach,2026,High,With Kids
369,Robert Carter,kbest@example.com,001-657-341-2709x61066,38,Female,"Sydney, Sydney CBD, 2000",Sydney CBD,2000,High,Single
370,Heidi Grimes,craigdavid@example.net,834.461.7929x720,42,Female,"Sydney, Paddington, 2021",Paddington,2021,Medium,Married
371,Elizabeth Maxwell,simspatricia@example.com,8394245283,42,Female,"Sydney, Paddington, 2021",Paddington,2021,Medium,Single
372,Brandon Scott,brownamanda@example.com,(612)306-0130,24,Male,"Sydney, Darlinghurst, 2010",Darlinghurst,2010,Low,With Kids
373,Sharon Mitchell,joejimenez@example.com,856-522-1417x250,23,Female,"Sydney, Newtown, 2042",Newtown,2042,Medium,Married
374,Hannah Jones,jessica06@example.org,+1-704-908-2049x4863,31,Male,"Sydney, Chatswood, 2067",Chatswood,2067,High,With Kids
375,Ashley Moore,ipeters@example.com,001-911-608-7220,41,Female,"Sydney, Bondi Beach, 2026",Bondi Beach,2026,High,Single
376,Jennifer Lewis,gardnersherry@example.org,+1-403-948-1996,29,Female,"Sydney, Paddington, 2021",Paddington,2021,Low,With Kids
377,Kimberly Waters,benjamin32@example.com,803-884-3200,39,Male,"Sydney, Surry Hills, 2010",Surry Hills,2010,Medium,Married
378,David Gordon,jonesdavid@example.com,(313)832-4993x97584,26,Male,"Sydney, North Sydney, 2060",North Sydney,2060,Medium,With Kids
379,Timothy Bailey,alexander00@example.net,(923)374-2691,55,Female,"Sydney, Darlinghurst, 2010",Darlinghurst,2010,Low,Single
380,Karen Bowman,cdickson@example.net,212.809.0234x694,43,Female,"Sydney, Parramatta, 2150",Parramatta,2150,Medium,With Kids
381,John Kelley,hernandeztheresa@example.net,+1-754-527-7846x31497,25,Female,"Sydney, Darlinghurst, 2010",Darlinghurst,2010,Medium,Single
382,Angie Morris,jaycannon@example.com,(244)202-0032x89927,22,Male,"Sydney, Manly, 2095",Manly,2095,High,Married
383,Joe Simon,kevin44@example.com,+1-369-447-3475x437,47,Female,"Sydney, Paddington, 2021",Paddington,2021,High,Single
384,Corey Lamb,ggarcia@example.org,(857)902-5112x90430,47,Male,"Sydney, Surry Hills, 2010",Surry Hills,2010,Low,Single
385,Ryan Preston,jessicajordan@example.net,953-320-9854,31,Female,"Sydney, Darlinghurst, 2010",Darlinghurst,2010,Low,Single
386,Michelle Fisher,tmartin@example.com,397-785-6356x43862,26,Female,"Sydney, Chatswood, 2067",Chatswood,2067,Medium,With Kids
387,Anthony Mills,melissahaley@example.com,5662045997,51,Male,"Sydney, Sydney CBD, 2000",Sydney CBD,2000,Low,Married
388,Dennis Miles,michaelhines@example.net,001-955-939-3848x417,35,Female,"Sydney, Chatswood, 2067",Chatswood,2067,High,With Kids
389,Mark Jones,ycooper@example.org,4446356678,39,Male,"Sydney, Sydney CBD, 2000",Sydney CBD,2000,Medium,Single
390,Marcus Johnson,gregory53@example.org,(761)850-0951,38,Male,"Sydney, Newtown, 2042",Newtown,2042,Medium,With Kids
391,Christina Clarke,lisa81@example.org,907.945.9360x95584,33,Female,"Sydney, Bondi Beach, 2026",Bondi Beach,2026,Low,Married
392,Jessica Thompson,allenjames@example.org,001-410-982-5148x492,20,Female,"Sydney, Bondi Beach, 2026",Bondi Beach,2026,Medium,Single
393,Stephanie Lee,williamsandrew@example.org,560.657.8812,35,Female,"Sydney, Newtown, 2042",Newtown,2042,High,Married
394,George Jones,vharrison@example.org,250-308-0047x9055,30,Male,"Sydney, North Sydney, 2060",North Sydney,2060,Medium,With Kids
395,Whitney Jacobson,htaylor@example.org,(353)713-5837x94410,51,Male,"Sydney, Parramatta, 2150",Parramatta,2150,Low,Married
396,Ethan Williams,ryanstokes@example.org,+1-516-841-7846,35,Male,"Sydney, Darlinghurst, 2010",Darlinghurst,2010,High,Married
397,John Moss,samantha70@example.net,569.995.4424,23,Female,"Sydney, Surry Hills, 2010",Surry Hills,2010,Low,Single
398,Jason Ware,avilaeduardo@example.net,(546)475-7310,21,Female,"Sydney, Paddington, 2021",Paddington,2021,High,Single
399,Margaret Nelson,qmckenzie@example.net,001-488-416-9350x5541,27,Male,"Sydney, Parramatta, 2150",Parramatta,2150,High,Single
400,Willie Alvarado,ndavis@example.com,977.675.3016,60,Female,"Sydney, North Sydney, 2060",North Sydney,2060,High,Single
401,Eric Salas,chensydney@example.net,981.773.8837,58,Male,"Sydney, North Sydney, 2060",North Sydney,2060,Medium,With Kids
402,Haley Snow,michelleperry@example.net,+1-578-261-0170x69549,28,Female,"Sydney, Bondi Beach, 2026",Bondi Beach,2026,Medium,Married
403,Annette Powell,olsonelizabeth@example.com,854.244.6117,28,Female,"Sydney, Sydney CBD, 2000",Sydney CBD,2000,Low,Single
404,Anthony Mcknight,sara16@example.net,+1-942-337-6095x01466,21,Female,"Sydney, Newtown, 2042",Newtown,2042,Medium,Single
405,Dean Roberts,webstermargaret@example.net,797.767.4819x06419,21,Female,"Sydney, Bondi Beach, 2026",Bondi Beach,2026,High,Married
406,David Miller,stacy51@example.com,629.326.2758x2267,52,Female,"Sydney, Darlinghurst, 2010",Darlinghurst,2010,Medium,Single
407,Judith Carter,kevinbrown@example.net,001-982-653-3939x96435,39,Male,"Sydney, North Sydney, 2060",North Sydney,2060,Medium,Married
408,Jennifer Nunez,pchurch@example.net,(459)249-3755x046,27,Male,"Sydney, Surry Hills, 2010",Surry Hills,2010,Low,Married
409,Rebecca Roman,wallsbryan@example.net,+1-578-958-8137,57,Female,"Sydney, Bondi Beach, 2026",Bondi Beach,2026,Medium,With Kids
410,Robert Gray,thenderson@example.com,(741)303-4762,47,Female,"Sydney, Newtown, 2042",Newtown,2042,Medium,With Kids
411,Ryan Price,paulbooker@example.net,001-402-352-2635x2962,57,Male,"Sydney, Manly, 2095",Manly,2095,High,With Kids
412,Megan Walker,elizabeth79@example.com,387-319-2906x203,28,Male,"Sydney, Parramatta, 2150",Parramatta,2150,High,Single
413,Steven Macdonald,jessicacaldwell@example.com,+1-650-515-3018x31096,23,Male,"Sydney, Chatswood, 2067",Chatswood,2067,Low,With Kids
414,Tiffany Edwards,michael44@example.org,001-717-744-3680x13354,31,Male,"Sydney, Manly, 2095",Manly,2095,Low,With Kids
415,Lisa Obrien,odiaz@example.net,233.560.8080,59,Female,"Sydney, North Sydney, 2060",North Sydney,2060,High,Married
416,Paul Lamb,warrengrace@example.com,001-547-819-0052x525,48,Female,"Sydney, Sydney CBD, 2000",Sydney CBD,2000,High,With Kids
417,Lindsey Gonzalez,andersonmichael@example.org,+1-932-318-9464x11712,35,Female,"Sydney, Chatswood, 2067",Chatswood,2067,Low,With Kids
418,Ashley Johnson,ramirezlisa@example.org,(914)928-0893,55,Male,"Sydney, Manly, 2095",Manly,2095,Low,With Kids
419,Roger York,ihebert@example.org,001-460-763-0815x4127,41,Male,"Sydney, Surry Hills, 2010",Surry Hills,2010,Medium,Single
420,Nancy Fernandez,chuerta@example.com,(789)555-5734x83191,56,Female,"Sydney, Newtown, 2042",Newtown,2042,High,Married
421,Monica Alvarez,vanessadelgado@example.com,528.954.1333x6642,57,Female,"Sydney, Newtown, 2042",Newtown,2042,Medium,Single
422,Linda Thompson,stephenprice@example.net,+1-488-827-2894x23922,26,Female,"Sydney, North Sydney, 2060",North Sydney,2060,Medium,Married
423,Mrs. Joan Fields,betholiver@example.org,846-520-2662x360,27,Female,"Sydney, Paddington, 2021",Paddington,2021,High,With Kids
424,Steven Young,smithemily@example.com,+1-663-605-5133x1870,41,Male,"Sydney, Chatswood, 2067",Chatswood,2067,Medium,Married
425,Robin Goodwin,evansjennifer@example.com,246.325.1141x1989,60,Male,"Sydney, Surry Hills, 2010",Surry Hills,2010,Medium,Single
426,Leslie Jackson,ybrock@example.net,001-226-533-8640x87539,48,Male,"Sydney, Bondi Beach, 2026",Bondi Beach,2026,High,Single
427,Steve Horton,johnwarner@example.net,(909)654-5210x147,49,Male,"Sydney, Chatswood, 2067",Chatswood,2067,Medium,With Kids
428,Benjamin Hall,normanhess@example.org,(298)726-2496,48,Male,"Sydney, Bondi Beach, 2026",Bondi Beach,2026,Low,With Kids
429,Todd Stone,calebberry@example.org,955-780-3261x1509,31,Male,"Sydney, Newtown, 2042",Newtown,2042,High,With Kids
430,James Church,jean53@example.net,763-424-6325,38,Male,"Sydney, North Sydney, 2060",North Sydney,2060,Low,Married
431,Justin Jackson,maria08@example.org,001-618-796-4755x082,39,Female,"Sydney, North Sydney, 2060",North Sydney,2060,High,With Kids
432,Emily Baldwin,spencerveronica@example.org,(530)218-8530,26,Female,"Sydney, Sydney CBD, 2000",Sydney CBD,2000,Low,Married
433,Jessica Willis,kevincervantes@example.net,+1-609-319-7614x630,29,Male,"Sydney, North Sydney, 2060",North Sydney,2060,High,Married
434,Jesse Arellano,jilldonaldson@example.org,+1-901-791-9768x645,39,Female,"Sydney, Darlinghurst, 2010",Darlinghurst,2010,Medium,With Kids
435,Michelle Freeman,matthewjordan@example.net,(729)743-7659x178,24,Female,"Sydney, Parramatta, 2150",Parramatta,2150,High,Married
436,Catherine Mason,eric12@example.com,819-420-7291x104,59,Female,"Sydney, Manly, 2095",Manly,2095,Medium,With Kids
437,Donna White,mirandanelson@example.com,001-399-447-7386x107,38,Male,"Sydney, Chatswood, 2067",Chatswood,2067,High,With Kids
438,Andrew Huber,troy69@example.com,(821)297-5992x01118,34,Male,"Sydney, Sydney CBD, 2000",Sydney CBD,2000,High,With Kids
439,Justin Wallace,nmartinez@example.org,001-974-428-7130,50,Female,"Sydney, North Sydney, 2060",North Sydney,2060,Low,Married
440,Steven Hall,kaitlinpowers@example.net,520.447.8682,39,Male,"Sydney, Paddington, 2021",Paddington,2021,Low,Single
441,James Thomas,kaustin@example.org,755.237.5595x4461,51,Female,"Sydney, Darlinghurst, 2010",Darlinghurst,2010,Medium,Married
442,Christine Warren,atkinscharles@example.org,+1-937-622-2117x2636,42,Female,"Sydney, Sydney CBD, 2000",Sydney CBD,2000,Medium,With Kids
443,Mrs. Emily Gonzalez,leetammy@example.net,(359)538-2467x5337,55,Male,"Sydney, Paddington, 2021",Paddington,2021,Medium,With Kids
444,Kevin Golden,estradachristina@example.org,(936)240-3955x94758,49,Female,"Sydney, Manly, 2095",Manly,2095,Low,Married
445,Reginald Chan,radams@example.net,(867)999-9275x272,58,Male,"Sydney, Surry Hills, 2010",Surry Hills,2010,High,Married
446,Evan Brown,amygarcia@example.org,001-250-215-3687x674,48,Male,"Sydney, Newtown, 2042",Newtown,2042,Low,With Kids
447,April Hicks,jacobsantiago@example.org,377.322.8528x292,60,Female,"Sydney, Parramatta, 2150",Parramatta,2150,High,Married
448,Joseph Andersen,elizabeth49@example.net,532-882-1203x05132,37,Male,"Sydney, Surry Hills, 2010",Surry Hills,2010,High,Single
449,Juan Williams,dbarrera@example.net,252-968-6869x2039,26,Female,"Sydney, Parramatta, 2150",Parramatta,2150,Low,Single
450,Perry Nolan,zyoung@example.net,001-505-311-7004x1710,50,Female,"Sydney, North Sydney, 2060",North Sydney,2060,Low,Single
451,Nancy Carr,ohartman@example.org,822.506.2784x284,31,Female,"Sydney, Surry Hills, 2010",Surry Hills,2010,Medium,Single
452,Katie Bell,haydenfrank@example.com,836-764-1394,58,Female,"Sydney, Sydney CBD, 2000",Sydney CBD,2000,High,Married
453,April Smith,daniel59@example.com,001-477-974-3403x2754,37,Female,"Sydney, Bondi Beach, 2026",Bondi Beach,2026,Low,With Kids
454,Kelly Skinner,denisefitzpatrick@example.org,(287)297-0142,42,Male,"Sydney, Surry Hills, 2010",Surry Hills,2010,Medium,Married
455,Donald Walker,michael42@example.net,663.259.1282x4246,57,Female,"Sydney, Sydney CBD, 2000",Sydney CBD,2000,Medium,Single
456,Gregory Manning,rwillis@example.net,893.409.7387x164,44,Female,"Sydney, Parramatta, 2150",Parramatta,2150,High,With Kids
457,Kenneth Garza,clarkheather@example.org,518-794-0355,52,Male,"Sydney, Parramatta, 2150",Parramatta,2150,Low,Married
458,Annette Jones,kingnicole@example.com,479.368.6683x0012,20,Female,"Sydney, Paddington, 2021",Paddington,2021,Low,With Kids
459,Christine Williams,allisoncunningham@example.org,(464)406-8342,60,Female,"Sydney, Surry Hills, 2010",Surry Hills,2010,High,Single
460,Erica Marshall,uflores@example.com,001-548-842-6434x28693,56,Female,"Sydney, Bondi Beach, 2026",Bondi Beach,2026,Low,Married
461,Jimmy Villegas,wford@example.net,928.386.8225x69051,45,Female,"Sydney, Paddington, 2021",Paddington,2021,High,With Kids
462,Gregory Taylor,wrobinson@example.net,+1-714-633-5304x692,31,Male,"Sydney, Newtown, 2042",Newtown,2042,High,Married
463,Joshua Garza,carladams@example.com,001-366-378-9489x20422,40,Male,"Sydney, Manly, 2095",Manly,2095,Medium,Single
464,Aaron Kelley,anthony52@example.net,+1-745-419-3840x703,31,Female,"Sydney, Sydney CBD, 2000",Sydney CBD,2000,Medium,With Kids
465,Diana Jenkins,kimberly42@example.net,4658007510,28,Male,"Sydney, Paddington, 2021",Paddington,2021,Medium,With Kids
466,Rebekah Miller,bshaw@example.org,(484)430-6337x287,57,Male,"Sydney, North Sydney, 2060",North Sydney,2060,Low,Single
467,Jeffrey Dennis,craigwhite@example.com,767-442-9036x90462,57,Male,"Sydney, Paddington, 2021",Paddington,2021,High,Single
468,Dawn Garcia,jennifer09@example.net,(351)760-1418x2986,50,Female,"Sydney, Surry Hills, 2010",Surry Hills,2010,Medium,Single
469,Jim Patel,gjackson@example.net,001-887-916-1135x80791,59,Male,"Sydney, Paddington, 2021",Paddington,2021,High,With Kids
470,Karen Wilson,buchanandawn@example.net,001-826-747-2812,43,Female,"Sydney, Sydney CBD, 2000",Sydney CBD,2000,Low,With Kids
471,Mark Owens,robert00@example.org,+1-555-604-4800x633,40,Male,"Sydney, Paddington, 2021",Paddington,2021,Low,Married
472,Joseph Barnes,mariashepard@example.net,3017638460,37,Male,"Sydney, Paddington, 2021",Paddington,2021,Medium,With Kids
473,Garrett Mahoney,carlosortega@example.com,(384)454-2539x360,25,Male,"Sydney, Sydney CBD, 2000",Sydney CBD,2000,Medium,With Kids
474,Bryce Williams,lhayes@example.com,296-323-6106x5629,59,Female,"Sydney, Sydney CBD, 2000",Sydney CBD,2000,High,With Kids
475,Jennifer Schwartz,katherinehall@example.net,+1-616-281-5303x447,22,Female,"Sydney, Darlinghurst, 2010",Darlinghurst,2010,Medium,Single
476,Ruben Malone,gryan@example.org,(881)904-7730x380,48,Female,"Sydney, Surry Hills, 2010",Surry Hills,2010,High,Married
477,Steven Thomas,amberwolfe@example.com,+1-273-949-5366x326,44,Female,"Sydney, Parramatta, 2150",Parramatta,2150,High,Single
478,Randall Powell,kennetholson@example.org,001-490-554-9961x20461,31,Female,"Sydney, North Sydney, 2060",North Sydney,2060,Low,Single
479,Crystal Mitchell,fmartin@example.org,939.635.1457x789,59,Male,"Sydney, Sydney CBD, 2000",Sydney CBD,2000,Medium,Single
480,Carlos Crosby,zachary81@example.net,5845057625,30,Female,"Sydney, Chatswood, 2067",Chatswood,2067,Low,With Kids
481,Shane Cole,brandonclayton@example.com,001-648-539-1008x313,45,Male,"Sydney, Newtown, 2042",Newtown,2042,Low,Single
482,Christina Meza,qwong@example.com,001-321-648-7665,31,Female,"Sydney, Bondi Beach, 2026",Bondi Beach,2026,Medium,With Kids
483,Adriana Lowery,lamrobert@example.com,438-239-6885x1011,33,Female,"Sydney, Bondi Beach, 2026",Bondi Beach,2026,Low,Married
484,Brittany Diaz,adrianaortiz@example.com,8595778857,32,Male,"Sydney, Chatswood, 2067",Chatswood,2067,Low,Single
485,Stephen Ferguson,melanie91@example.com,(536)513-9125x82061,45,Female,"Sydney, Parramatta, 2150",Parramatta,2150,High,With Kids
486,Tina Barnes,amandadixon@example.net,593.203.9420,31,Female,"Sydney, Chatswood, 2067",Chatswood,2067,Medium,Married
487,George Wyatt,bperez@example.net,248.757.6363x3077,26,Female,"Sydney, Bondi Beach, 2026",Bondi Beach,2026,Medium,Single
488,Michelle Mckee,davidfisher@example.net,+1-661-894-1177,51,Female,"Sydney, Paddington, 2021",Paddington,2021,High,With Kids
489,Jessica Smith,michael35@example.com,9128677351,28,Female,"Sydney, Darlinghurst, 2010",Darlinghurst,2010,Medium,Single
490,Caroline Fitzgerald,castromarissa@example.org,445-955-0084x05593,53,Female,"Sydney, Manly, 2095",Manly,2095,Low,With Kids
491,Zachary Jones,amanda56@example.org,(739)574-9963,57,Female,"Sydney, Paddington, 2021",Paddington,2021,Medium,Married
492,Jeremy Frazier,christinaschultz@example.com,250.237.6698x35412,50,Male,"Sydney, North Sydney, 2060",North Sydney,2060,High,Single
493,Kaitlyn Webb,sheabrady@example.net,535-842-5672x8206,51,Female,"Sydney, Paddington, 2021",Paddington,2021,Low,Married
494,David Holloway,fwilliams@example.org,(589)660-1027,32,Male,"Sydney, Parramatta, 2150",Parramatta,2150,Medium,Single
495,Cristian Lewis,mary34@example.net,3245020374,60,Female,"Sydney, Sydney CBD, 2000",Sydney CBD,2000,Low,With Kids
496,Timothy Hoffman,belliott@example.net,303-742-6922x149,47,Male,"Sydney, Manly, 2095",Manly,2095,Medium,Married
497,Marco Mccullough,blee@example.org,434.562.5825,42,Female,"Sydney, Parramatta, 2150",Parramatta,2150,High,Single
498,Jason Randall,hernandezbrandon@example.com,001-684-840-4947x42852,59,Female,"Sydney, Sydney CBD, 2000",Sydney CBD,2000,Medium,With Kids
499,Joseph Miller,uwhite@example.net,394-735-6448x78479,23,Male,"Sydney, Sydney CBD, 2000",Sydney CBD,2000,Low,Married
500,Lindsay Mcbride,susan02@example.net,898-924-0461x81098,48,Male,"Sydney, Bondi Beach, 2026",Bondi Beach,2026,Low,With Kids
